id,grade,subject,weekOf,instructionalWeek,status,sourceSheet,sourceRow,sourceText,reason,supportingDocuments
dcss-fy27-K-literacy-r10,K,Literacy,2026-08-03,1,partially_supported,KINDER,10,Get to know you activites | U1: Sessions 1-2 | ABC Boot Camp,The cited skill supports generated drafts; other references still need source detail or review.,Kinder ELA Pacing Calendar 2026-27
dcss-fy27-K-math-r10,K,Math,2026-08-03,1,needs_additional_source_material,KINDER,10,U1: K.GSR.8.2,"Only codes, program references, topic labels or activities; no fully grounded question set yet.",
dcss-fy27-K-social-studies-r10,K,Social Studies,2026-08-03,1,needs_additional_source_material,KINDER,10,SS1 SSKCG1,"Only codes, program references, topic labels or activities; no fully grounded question set yet.",
dcss-fy27-K-literacy-r11,K,Literacy,2026-08-10,2,needs_additional_source_material,KINDER,11,"Heggerty week 1 | U1: Sessions 3-7 | ABC Boot Camp, U1W1","Only codes, program references, topic labels or activities; no fully grounded question set yet.",
dcss-fy27-K-math-r11,K,Math,2026-08-10,2,partially_supported,KINDER,11,U1: K.GSR.8.2,The cited skill supports generated drafts; other references still need source detail or review.,Kinder Math Pacing Support
dcss-fy27-K-social-studies-r11,K,Social Studies,2026-08-10,2,partially_supported,KINDER,11,SS1 SSKCG1,The cited skill supports generated drafts; other references still need source detail or review.,Kinder Sci & SS Pacing Support
dcss-fy27-K-literacy-r12,K,Literacy,2026-08-17,3,needs_additional_source_material,KINDER,12,"Heggerty week 2 | U1: Sessions 8-12 | ABC Boot Camp, U1W2","Only codes, program references, topic labels or activities; no fully grounded question set yet.",
dcss-fy27-K-math-r12,K,Math,2026-08-17,3,partially_supported,KINDER,12,U1: K.GSR.8.2,The cited skill supports generated drafts; other references still need source detail or review.,Kinder Math Pacing Support
dcss-fy27-K-social-studies-r12,K,Social Studies,2026-08-17,3,needs_additional_source_material,KINDER,12,SS1 SSKCG1,"Only codes, program references, topic labels or activities; no fully grounded question set yet.",
dcss-fy27-K-literacy-r13,K,Literacy,2026-08-24,4,needs_additional_source_material,KINDER,13,Heggerty week 3 | U1: Sessions 13-17 | Unit 1 Week 3,"Only codes, program references, topic labels or activities; no fully grounded question set yet.",
dcss-fy27-K-math-r13,K,Math,2026-08-24,4,needs_additional_source_material,KINDER,13,U1: K.GSR.8.2,"Only codes, program references, topic labels or activities; no fully grounded question set yet.",
dcss-fy27-K-social-studies-r13,K,Social Studies,2026-08-24,4,needs_additional_source_material,KINDER,13,SS1 SSKCG1,"Only codes, program references, topic labels or activities; no fully grounded question set yet.",
dcss-fy27-K-literacy-r16,K,Literacy,2026-08-31,5,partially_supported,KINDER,16,Heggerty week 4 | U1: Sessions 18-22 | U1W4,The cited skill supports generated drafts; other references still need source detail or review.,Kinder ELA Pacing Calendar 2026-27
dcss-fy27-K-math-r16,K,Math,2026-08-31,5,partially_supported,KINDER,16,U1: K.GSR.8.2,Cited skill supports draft questions; other references are not yet resolved.,Kinder Math Pacing Support | Kinder Math Pacing Support
dcss-fy27-K-science-r16,K,Science,2026-08-31,5,partially_supported,KINDER,16,Unit 1 SKE1,The cited skill supports generated drafts; other references still need source detail or review.,Kinder Sci & SS Pacing Support
dcss-fy27-K-literacy-r17,K,Literacy,2026-09-07,6,needs_additional_source_material,KINDER,17,Heggerty  week 5 | U1: Sessions 23-25 | U1W5,"Only codes, program references, topic labels or activities; no fully grounded question set yet.",
dcss-fy27-K-math-r17,K,Math,2026-09-07,6,needs_additional_source_material,KINDER,17,U1: K.GSR.8.2,"Only codes, program references, topic labels or activities; no fully grounded question set yet.",
dcss-fy27-K-science-r17,K,Science,2026-09-07,6,needs_additional_source_material,KINDER,17,Unit 1 SKE1,"Only codes, program references, topic labels or activities; no fully grounded question set yet.",
dcss-fy27-K-literacy-r18,K,Literacy,2026-09-14,7,needs_additional_source_material,KINDER,18,"Heggerty  week 6
M.   T.    W.   TH.    F.  | U1: Sessions 26-30 | U1W6","Only codes, program references, topic labels or activities; no fully grounded question set yet.",
dcss-fy27-K-math-r18,K,Math,2026-09-14,7,needs_additional_source_material,KINDER,18,Unit 2 K.NR.1.1,"Only codes, program references, topic labels or activities; no fully grounded question set yet.",
dcss-fy27-K-science-r18,K,Science,2026-09-14,7,needs_additional_source_material,KINDER,18,Unit 1 SKE1,"Only codes, program references, topic labels or activities; no fully grounded question set yet.",
dcss-fy27-K-literacy-r19,K,Literacy,2026-09-21,8,needs_additional_source_material,KINDER,19,"Heggerty  week 7
M.   T.    W.    TH.    F.  | U2: Sessions 1-5 | U2W1","Only codes, program references, topic labels or activities; no fully grounded question set yet.",
dcss-fy27-K-math-r19,K,Math,2026-09-21,8,needs_additional_source_material,KINDER,19,Unit 2 K.NR.1.3,"Only codes, program references, topic labels or activities; no fully grounded question set yet.",
dcss-fy27-K-science-r19,K,Science,2026-09-21,8,needs_additional_source_material,KINDER,19,Unit 2 SKP2,"Only codes, program references, topic labels or activities; no fully grounded question set yet.",
dcss-fy27-K-literacy-r20,K,Literacy,2026-09-28,9,needs_additional_source_material,KINDER,20,"Heggerty  week 8
M.   T.    W.    TH.    F.  | U2: Sessions 6-10 | U2W2","Only codes, program references, topic labels or activities; no fully grounded question set yet.",
dcss-fy27-K-math-r20,K,Math,2026-09-28,9,needs_additional_source_material,KINDER,20,Unit 2  K.GSR.8.1,"Only codes, program references, topic labels or activities; no fully grounded question set yet.",
dcss-fy27-K-science-r20,K,Science,2026-09-28,9,needs_additional_source_material,KINDER,20,Unit 2 SKP2,"Only codes, program references, topic labels or activities; no fully grounded question set yet.",
dcss-fy27-K-literacy-r23,K,Literacy,2026-10-05,10,needs_additional_source_material,KINDER,23,"Heggerty week 9
M.   T.    W.   TH.   F.  | U2: Sessions 11-15 | U2W3","Only codes, program references, topic labels or activities; no fully grounded question set yet.",
dcss-fy27-K-math-r23,K,Math,2026-10-05,10,needs_additional_source_material,KINDER,23,Unit 2 K.NR.4.1,"Only codes, program references, topic labels or activities; no fully grounded question set yet.",
dcss-fy27-K-social-studies-r23,K,Social Studies,2026-10-05,10,needs_additional_source_material,KINDER,23,SS2 SSKG2,"Only codes, program references, topic labels or activities; no fully grounded question set yet.",
dcss-fy27-K-literacy-r24,K,Literacy,UNRESOLVED,,needs_timing_review,KINDER,24,week 10,Source row has content but no Week of date. Not assigned to an adjacent week.,
dcss-fy27-K-literacy-r25,K,Literacy,2026-10-19,11,needs_additional_source_material,KINDER,25,"Heggerty week 10
M.   T.    W.   TH.   F.  | U2: Sessions 16-20 | U2W4","Only codes, program references, topic labels or activities; no fully grounded question set yet.",
dcss-fy27-K-math-r25,K,Math,2026-10-19,11,needs_additional_source_material,KINDER,25,Unit 3 K.NR.5.2,"Only codes, program references, topic labels or activities; no fully grounded question set yet.",
dcss-fy27-K-social-studies-r25,K,Social Studies,2026-10-19,11,needs_additional_source_material,KINDER,25,SS2 SSKG2,"Only codes, program references, topic labels or activities; no fully grounded question set yet.",
dcss-fy27-K-literacy-r26,K,Literacy,2026-10-26,12,needs_additional_source_material,KINDER,26,"Heggerty week 11
M.   T.    W.   TH.   F.  | U2: Sessions 21-25 | U2W5","Only codes, program references, topic labels or activities; no fully grounded question set yet.",
dcss-fy27-K-math-r26,K,Math,2026-10-26,12,needs_additional_source_material,KINDER,26,Unit 3 K.GSR.8.1,"Only codes, program references, topic labels or activities; no fully grounded question set yet.",
dcss-fy27-K-science-r26,K,Science,2026-10-26,12,needs_additional_source_material,KINDER,26,Unit 3 SKE2,"Only codes, program references, topic labels or activities; no fully grounded question set yet.",
dcss-fy27-K-literacy-r29,K,Literacy,2026-11-02,13,needs_additional_source_material,KINDER,29,"Heggerty week 12
M.   T.    W.   TH.   F.  | U2: Sessions 26-30 | U2W6","Only codes, program references, topic labels or activities; no fully grounded question set yet.",
dcss-fy27-K-math-r29,K,Math,2026-11-02,13,needs_additional_source_material,KINDER,29,Unit 3 K.NR.5.2,"Only codes, program references, topic labels or activities; no fully grounded question set yet.",
dcss-fy27-K-science-r29,K,Science,2026-11-02,13,needs_additional_source_material,KINDER,29,Unit 3 SKE2,"Only codes, program references, topic labels or activities; no fully grounded question set yet.",
dcss-fy27-K-literacy-r30,K,Literacy,2026-11-09,14,needs_additional_source_material,KINDER,30,"Heggerty week 13
M.   T.    W.   TH.   F.  | U3: Sessions 1-5 | U3W1","Only codes, program references, topic labels or activities; no fully grounded question set yet.",
dcss-fy27-K-math-r30,K,Math,2026-11-09,14,needs_additional_source_material,KINDER,30,Unit 3 K.NR.5.3,"Only codes, program references, topic labels or activities; no fully grounded question set yet.",
dcss-fy27-K-social-studies-r30,K,Social Studies,2026-11-09,14,needs_additional_source_material,KINDER,30,SS3 SSKE2,"Only codes, program references, topic labels or activities; no fully grounded question set yet.",
dcss-fy27-K-literacy-r31,K,Literacy,2026-11-16,15,needs_additional_source_material,KINDER,31,"Heggerty week 14
M.   T.    W.   TH.   F.  | U3: Sessions 6-10 | U3W2","Only codes, program references, topic labels or activities; no fully grounded question set yet.",
dcss-fy27-K-math-r31,K,Math,2026-11-16,15,needs_additional_source_material,KINDER,31,Unit 3 K.NR.5.2,"Only codes, program references, topic labels or activities; no fully grounded question set yet.",
dcss-fy27-K-social-studies-r31,K,Social Studies,2026-11-16,15,needs_additional_source_material,KINDER,31,SS3 SSKG1,"Only codes, program references, topic labels or activities; no fully grounded question set yet.",
dcss-fy27-K-literacy-r35,K,Literacy,2026-11-30,16,needs_additional_source_material,KINDER,35,"Heggerty week 15
M.  T.   W.   TH.    F.   | U3: Sessions 11-15 | U3W3","Only codes, program references, topic labels or activities; no fully grounded question set yet.",
dcss-fy27-K-math-r35,K,Math,2026-11-30,16,needs_additional_source_material,KINDER,35,Unit 4 K.NR.1.2,"Only codes, program references, topic labels or activities; no fully grounded question set yet.",
dcss-fy27-K-science-r35,K,Science,2026-11-30,16,needs_additional_source_material,KINDER,35,Unit 4 SKL1,"Only codes, program references, topic labels or activities; no fully grounded question set yet.",
dcss-fy27-K-literacy-r36,K,Literacy,2026-12-07,17,needs_additional_source_material,KINDER,36,"Heggerty week 16
M.  T.   W.   TH.    F.   | U3: Sessions 16-20 | U3W4","Only codes, program references, topic labels or activities; no fully grounded question set yet.",
dcss-fy27-K-math-r36,K,Math,2026-12-07,17,needs_additional_source_material,KINDER,36,Unit 4 K.GSR.8.1,"Only codes, program references, topic labels or activities; no fully grounded question set yet.",
dcss-fy27-K-science-r36,K,Science,2026-12-07,17,needs_additional_source_material,KINDER,36,Unit 4 SKL1,"Only codes, program references, topic labels or activities; no fully grounded question set yet.",
dcss-fy27-K-literacy-r37,K,Literacy,2026-12-14,18,needs_additional_source_material,KINDER,37,"Heggerty week 17
M.  T.   W.   TH.    F.   | U3: Sessions 21-25 | U3W5","Only codes, program references, topic labels or activities; no fully grounded question set yet.",
dcss-fy27-K-math-r37,K,Math,2026-12-14,18,needs_additional_source_material,KINDER,37,Unit 4 K.GSR.8.4,"Only codes, program references, topic labels or activities; no fully grounded question set yet.",
dcss-fy27-K-science-r37,K,Science,2026-12-14,18,needs_additional_source_material,KINDER,37,"Unit 4 SKL1 
SS3 SSKH1","Only codes, program references, topic labels or activities; no fully grounded question set yet.",
dcss-fy27-K-social-studies-r37,K,Social Studies,2026-12-14,18,needs_additional_source_material,KINDER,37,"Unit 4 SKL1 
SS3 SSKH1","Only codes, program references, topic labels or activities; no fully grounded question set yet.",
dcss-fy27-K-literacy-r43,K,Literacy,2027-01-04,19,needs_additional_source_material,KINDER,43,Heggerty week 18 | U3: Sessions 26-30 | U3W6,"Only codes, program references, topic labels or activities; no fully grounded question set yet.",
dcss-fy27-K-math-r43,K,Math,2027-01-04,19,needs_additional_source_material,KINDER,43,Unit 4 K.NR.5.1,"Only codes, program references, topic labels or activities; no fully grounded question set yet.",
dcss-fy27-K-social-studies-r43,K,Social Studies,2027-01-04,19,needs_additional_source_material,KINDER,43,SS3 SSKCG1,"Only codes, program references, topic labels or activities; no fully grounded question set yet.",
dcss-fy27-K-literacy-r44,K,Literacy,2027-01-11,20,needs_additional_source_material,KINDER,44,Heggerty week 19 | U4: Sessions 1-5 | U4W1,"Only codes, program references, topic labels or activities; no fully grounded question set yet.",
dcss-fy27-K-math-r44,K,Math,2027-01-11,20,needs_additional_source_material,KINDER,44,Unit 4 K.NR.5.1,"Only codes, program references, topic labels or activities; no fully grounded question set yet.",
dcss-fy27-K-social-studies-r44,K,Social Studies,2027-01-11,20,needs_additional_source_material,KINDER,44,SS3 SSKCG1,"Only codes, program references, topic labels or activities; no fully grounded question set yet.",
dcss-fy27-K-literacy-r45,K,Literacy,2027-01-18,21,needs_additional_source_material,KINDER,45,Heggerty week 20 | U4: Sessions 6-9 | U4W2,"Only codes, program references, topic labels or activities; no fully grounded question set yet.",
dcss-fy27-K-math-r45,K,Math,2027-01-18,21,needs_additional_source_material,KINDER,45,Unit 4 K.NR.5.1,"Only codes, program references, topic labels or activities; no fully grounded question set yet.",
dcss-fy27-K-science-r45,K,Science,2027-01-18,21,needs_additional_source_material,KINDER,45,Unit 5 SKL2,"Only codes, program references, topic labels or activities; no fully grounded question set yet.",
dcss-fy27-K-literacy-r46,K,Literacy,2027-01-25,22,needs_additional_source_material,KINDER,46,Heggerty week 21 | U4: Sessions 10-14 | U4W3,"Only codes, program references, topic labels or activities; no fully grounded question set yet.",
dcss-fy27-K-math-r46,K,Math,2027-01-25,22,needs_additional_source_material,KINDER,46,Unit 4 K.NR.4.1,"Only codes, program references, topic labels or activities; no fully grounded question set yet.",
dcss-fy27-K-science-r46,K,Science,2027-01-25,22,needs_additional_source_material,KINDER,46,Unit 5 SKL2,"Only codes, program references, topic labels or activities; no fully grounded question set yet.",
dcss-fy27-K-literacy-r49,K,Literacy,2027-02-01,23,needs_additional_source_material,KINDER,49,Heggerty week 22 | U4: Sessions 15-19 | U4W4,"Only codes, program references, topic labels or activities; no fully grounded question set yet.",
dcss-fy27-K-math-r49,K,Math,2027-02-01,23,needs_additional_source_material,KINDER,49,Unit 4 K.NR.5.4,"Only codes, program references, topic labels or activities; no fully grounded question set yet.",
dcss-fy27-K-science-r49,K,Science,2027-02-01,23,needs_additional_source_material,KINDER,49,Unit 5 SKL2,"Only codes, program references, topic labels or activities; no fully grounded question set yet.",
dcss-fy27-K-literacy-r50,K,Literacy,2027-02-08,24,needs_additional_source_material,KINDER,50,Heggerty week 23 | U4: Sessions 20-25 | U4W5,"Only codes, program references, topic labels or activities; no fully grounded question set yet.",
dcss-fy27-K-math-r50,K,Math,2027-02-08,24,needs_additional_source_material,KINDER,50,Unit 5 K.NR.1.2,"Only codes, program references, topic labels or activities; no fully grounded question set yet.",
dcss-fy27-K-social-studies-r50,K,Social Studies,2027-02-08,24,needs_additional_source_material,KINDER,50,SS4 SSKE1,"Only codes, program references, topic labels or activities; no fully grounded question set yet.",
dcss-fy27-K-literacy-r51,K,Literacy,UNRESOLVED,,needs_timing_review,KINDER,51,week 25,Source row has content but no Week of date. Not assigned to an adjacent week.,
dcss-fy27-K-literacy-r52,K,Literacy,2027-02-22,25,needs_additional_source_material,KINDER,52,Heggerty  week 24 | U4: Sessions 26-30 | U4W6,"Only codes, program references, topic labels or activities; no fully grounded question set yet.",
dcss-fy27-K-math-r52,K,Math,2027-02-22,25,needs_additional_source_material,KINDER,52,Unit 5 K.NR.2.2,"Only codes, program references, topic labels or activities; no fully grounded question set yet.",
dcss-fy27-K-social-studies-r52,K,Social Studies,2027-02-22,25,needs_additional_source_material,KINDER,52,SS4 SSKE1,"Only codes, program references, topic labels or activities; no fully grounded question set yet.",
dcss-fy27-K-literacy-r55,K,Literacy,2027-03-01,26,needs_additional_source_material,KINDER,55,Heggerty week 25 | U5: Sessions 1-5 | U5W1,"Only codes, program references, topic labels or activities; no fully grounded question set yet.",
dcss-fy27-K-math-r55,K,Math,2027-03-01,26,needs_additional_source_material,KINDER,55,Unit 5 K.NR.5.1,"Only codes, program references, topic labels or activities; no fully grounded question set yet.",
dcss-fy27-K-social-studies-r55,K,Social Studies,2027-03-01,26,needs_additional_source_material,KINDER,55,SS4 SSKE1,"Only codes, program references, topic labels or activities; no fully grounded question set yet.",
dcss-fy27-K-literacy-r56,K,Literacy,2027-03-08,27,needs_additional_source_material,KINDER,56,Heggerty week 26 | U5: Sessions 6-9 | U5W2,"Only codes, program references, topic labels or activities; no fully grounded question set yet.",
dcss-fy27-K-math-r56,K,Math,2027-03-08,27,needs_additional_source_material,KINDER,56,Unit 5 K.NR.2.1,"Only codes, program references, topic labels or activities; no fully grounded question set yet.",
dcss-fy27-K-social-studies-r56,K,Social Studies,2027-03-08,27,needs_additional_source_material,KINDER,56,SS5 SSKH2,"Only codes, program references, topic labels or activities; no fully grounded question set yet.",
dcss-fy27-K-literacy-r57,K,Literacy,2027-03-15,28,needs_additional_source_material,KINDER,57,Heggerty week 27 | U5: Sessions 10-14 | U5W3,"Only codes, program references, topic labels or activities; no fully grounded question set yet.",
dcss-fy27-K-math-r57,K,Math,2027-03-15,28,needs_additional_source_material,KINDER,57,Unit 5 K.NR.5.1,"Only codes, program references, topic labels or activities; no fully grounded question set yet.",
dcss-fy27-K-social-studies-r57,K,Social Studies,2027-03-15,28,needs_additional_source_material,KINDER,57,SS5 SSKH2,"Only codes, program references, topic labels or activities; no fully grounded question set yet.",
dcss-fy27-K-literacy-r58,K,Literacy,2027-03-22,29,needs_additional_source_material,KINDER,58,Heggerty week 28 | U5: Sessions 15-19 | U5W4,"Only codes, program references, topic labels or activities; no fully grounded question set yet.",
dcss-fy27-K-math-r58,K,Math,2027-03-22,29,needs_additional_source_material,KINDER,58,Unit 5 K.NR.5.1,"Only codes, program references, topic labels or activities; no fully grounded question set yet.",
dcss-fy27-K-social-studies-r58,K,Social Studies,2027-03-22,29,needs_additional_source_material,KINDER,58,SS5 SSKH2,"Only codes, program references, topic labels or activities; no fully grounded question set yet.",
dcss-fy27-K-literacy-r59,K,Literacy,2027-03-29,30,needs_additional_source_material,KINDER,59,Heggerty week 29 | U5: Sessions 20-24 | U5W5,"Only codes, program references, topic labels or activities; no fully grounded question set yet.",
dcss-fy27-K-math-r59,K,Math,2027-03-29,30,needs_additional_source_material,KINDER,59,Unit 6 K.NR.5.4,"Only codes, program references, topic labels or activities; no fully grounded question set yet.",
dcss-fy27-K-social-studies-r59,K,Social Studies,2027-03-29,30,needs_additional_source_material,KINDER,59,SS5 SSKH2,"Only codes, program references, topic labels or activities; no fully grounded question set yet.",
dcss-fy27-K-literacy-r63,K,Literacy,2027-04-12,31,needs_additional_source_material,KINDER,63,Heggerty week 30 | U5: Sessions 25-30 | U5W6,"Only codes, program references, topic labels or activities; no fully grounded question set yet.",
dcss-fy27-K-math-r63,K,Math,2027-04-12,31,needs_additional_source_material,KINDER,63,Unit 6 K.NR.5.4,"Only codes, program references, topic labels or activities; no fully grounded question set yet.",
dcss-fy27-K-science-r63,K,Science,2027-04-12,31,needs_additional_source_material,KINDER,63,Unit 6 SKP1,"Only codes, program references, topic labels or activities; no fully grounded question set yet.",
dcss-fy27-K-literacy-r64,K,Literacy,2027-04-19,32,needs_additional_source_material,KINDER,64,Heggerty week 31* | U6: Sessions 1-5 | U6W1,"Only codes, program references, topic labels or activities; no fully grounded question set yet.",
dcss-fy27-K-math-r64,K,Math,2027-04-19,32,needs_additional_source_material,KINDER,64,Unit 6 K.NR.5.3,"Only codes, program references, topic labels or activities; no fully grounded question set yet.",
dcss-fy27-K-science-r64,K,Science,2027-04-19,32,needs_additional_source_material,KINDER,64,Unit 6 SKP1,"Only codes, program references, topic labels or activities; no fully grounded question set yet.",
dcss-fy27-K-literacy-r65,K,Literacy,2027-04-26,33,needs_additional_source_material,KINDER,65,Heggerty week 32* | U6: Sessions 6-10 | U6W2,"Only codes, program references, topic labels or activities; no fully grounded question set yet.",
dcss-fy27-K-math-r65,K,Math,2027-04-26,33,needs_additional_source_material,KINDER,65,Unit 6 K.NR.5.1,"Only codes, program references, topic labels or activities; no fully grounded question set yet.",
dcss-fy27-K-science-r65,K,Science,2027-04-26,33,needs_additional_source_material,KINDER,65,Unit 6 SKP1,"Only codes, program references, topic labels or activities; no fully grounded question set yet.",
dcss-fy27-K-literacy-r68,K,Literacy,2027-05-03,34,needs_additional_source_material,KINDER,68,Heggerty week 33* | U6: Sessions 11-15 | U6W3,"Only codes, program references, topic labels or activities; no fully grounded question set yet.",
dcss-fy27-K-math-r68,K,Math,2027-05-03,34,needs_additional_source_material,KINDER,68,Unit 7  K.NR.3.1,"Only codes, program references, topic labels or activities; no fully grounded question set yet.",
dcss-fy27-K-literacy-r69,K,Literacy,2027-05-10,35,needs_additional_source_material,KINDER,69,Heggerty week 34* | U6: Sessions 16-20 | U6W4,"Only codes, program references, topic labels or activities; no fully grounded question set yet.",
dcss-fy27-K-math-r69,K,Math,2027-05-10,35,needs_additional_source_material,KINDER,69,Unit 7 K.GSR.8.3,"Only codes, program references, topic labels or activities; no fully grounded question set yet.",
dcss-fy27-K-literacy-r70,K,Literacy,2027-05-17,36,needs_additional_source_material,KINDER,70,Culminating Activites | U6: Sessions 21-25 | U6W5,"Only codes, program references, topic labels or activities; no fully grounded question set yet.",
dcss-fy27-K-math-r70,K,Math,2027-05-17,36,needs_additional_source_material,KINDER,70,Unit 7  K.NR.3.1,"Only codes, program references, topic labels or activities; no fully grounded question set yet.",
dcss-fy27-1-literacy-r10,1,Literacy,2026-08-03,1,needs_additional_source_material,FIRST,10,Get to Know You | U1: Sessions 1-2 | U1W1,"Only codes, program references, topic labels or activities; no fully grounded question set yet.",
dcss-fy27-1-math-r10,1,Math,2026-08-03,1,needs_additional_source_material,FIRST,10,"U1: 1.NR.2, 1.NR.2.2","Only codes, program references, topic labels or activities; no fully grounded question set yet.",
dcss-fy27-1-social-studies-r10,1,Social Studies,2026-08-03,1,needs_additional_source_material,FIRST,10,SS1CG2,"Only codes, program references, topic labels or activities; no fully grounded question set yet.",
dcss-fy27-1-literacy-r11,1,Literacy,2026-08-10,2,needs_additional_source_material,FIRST,11,Heggerty Week 1 | U1: Sessions 3-7 | U1W1,"Only codes, program references, topic labels or activities; no fully grounded question set yet.",
dcss-fy27-1-math-r11,1,Math,2026-08-10,2,needs_additional_source_material,FIRST,11,"U1: 1.NR.2, 1.NR.2.2","Only codes, program references, topic labels or activities; no fully grounded question set yet.",
dcss-fy27-1-social-studies-r11,1,Social Studies,2026-08-10,2,needs_additional_source_material,FIRST,11,SS1CG2,"Only codes, program references, topic labels or activities; no fully grounded question set yet.",
dcss-fy27-1-literacy-r12,1,Literacy,2026-08-17,3,needs_additional_source_material,FIRST,12,"Heggerty Week 2
 | U1: Sessions 8-12 | U1W2","Only codes, program references, topic labels or activities; no fully grounded question set yet.",
dcss-fy27-1-math-r12,1,Math,2026-08-17,3,needs_additional_source_material,FIRST,12,"U1: 1.NR.2, 1.NR.2.2","Only codes, program references, topic labels or activities; no fully grounded question set yet.",
dcss-fy27-1-social-studies-r12,1,Social Studies,2026-08-17,3,partially_supported,FIRST,12,SS1G2,The cited skill supports generated drafts; other references still need source detail or review.,1st Grade Pacing
dcss-fy27-1-literacy-r13,1,Literacy,2026-08-24,4,needs_additional_source_material,FIRST,13,Heggerty week 3 | U1: Sessions 13-16 | U1W3,"Only codes, program references, topic labels or activities; no fully grounded question set yet.",
dcss-fy27-1-math-r13,1,Math,2026-08-24,4,needs_additional_source_material,FIRST,13,"U1: 1.NR.2, 1.NR.2.2","Only codes, program references, topic labels or activities; no fully grounded question set yet.",
dcss-fy27-1-social-studies-r13,1,Social Studies,2026-08-24,4,needs_additional_source_material,FIRST,13,"SS1CG2, SS1G2","Only codes, program references, topic labels or activities; no fully grounded question set yet.",
dcss-fy27-1-literacy-r16,1,Literacy,2026-08-31,5,needs_additional_source_material,FIRST,16,"Heggerty Week 4
 | U1: Sessions 17-21 | U1W4","Only codes, program references, topic labels or activities; no fully grounded question set yet.",
dcss-fy27-1-math-r16,1,Math,2026-08-31,5,needs_additional_source_material,FIRST,16,"U1: 1.NR.2, 1.NR.2.2","Only codes, program references, topic labels or activities; no fully grounded question set yet.",
dcss-fy27-1-science-r16,1,Science,2026-08-31,5,partially_supported,FIRST,16,S1L1.b,The cited skill supports generated drafts; other references still need source detail or review.,1st Grade Pacing
dcss-fy27-1-literacy-r17,1,Literacy,2026-09-07,6,partially_supported,FIRST,17,"Heggerty  week 5
M.    T.     W.    TH.     F. | U1: Sessions 22-25 | U1W5",The cited skill supports generated drafts; other references still need source detail or review.,DCSS 1st Grade ELA Pacing Calendar 2026-27 | DCSS 1st Grade ELA Pacing Calendar 2026-27
dcss-fy27-1-math-r17,1,Math,2026-09-07,6,partially_supported,FIRST,17,"U1: 1.NR.2, 1.NR.2.2",The cited skill supports generated drafts; other references still need source detail or review.,1st Math Pacing Support
dcss-fy27-1-science-r17,1,Science,2026-09-07,6,needs_additional_source_material,FIRST,17,S1L1.a,"Only codes, program references, topic labels or activities; no fully grounded question set yet.",
dcss-fy27-1-literacy-r18,1,Literacy,2026-09-14,7,needs_additional_source_material,FIRST,18,"Heggerty  week 6
M.   T.    W.   TH.   F.  | U1: Sessions 26-30 | U1W6","Only codes, program references, topic labels or activities; no fully grounded question set yet.",
dcss-fy27-1-math-r18,1,Math,2026-09-14,7,needs_additional_source_material,FIRST,18,"U1: 1.NR.2, 1.NR.2.2","Only codes, program references, topic labels or activities; no fully grounded question set yet.",
dcss-fy27-1-science-r18,1,Science,2026-09-14,7,needs_additional_source_material,FIRST,18,S1L1.c,"Only codes, program references, topic labels or activities; no fully grounded question set yet.",
dcss-fy27-1-literacy-r19,1,Literacy,2026-09-21,8,needs_additional_source_material,FIRST,19,"Heggerty  week 7
M.   T.    W.   TH.   F.  | U2: Sessions 1-5 | U2W1","Only codes, program references, topic labels or activities; no fully grounded question set yet.",
dcss-fy27-1-math-r19,1,Math,2026-09-21,8,needs_additional_source_material,FIRST,19,"U2: 1.NR.1.2, 1.NR.2.7","Only codes, program references, topic labels or activities; no fully grounded question set yet.",
dcss-fy27-1-science-r19,1,Science,2026-09-21,8,needs_additional_source_material,FIRST,19,"S1L1.a, b, c","Only codes, program references, topic labels or activities; no fully grounded question set yet.",
dcss-fy27-1-literacy-r20,1,Literacy,2026-09-28,9,needs_additional_source_material,FIRST,20,"Heggerty  week 8
M.   T.    W.   TH.   F.  | U2: Sessions 6-10 | U2W2","Only codes, program references, topic labels or activities; no fully grounded question set yet.",
dcss-fy27-1-math-r20,1,Math,2026-09-28,9,needs_additional_source_material,FIRST,20,"U2: 1.NR.1.2, 1.NR.2.7","Only codes, program references, topic labels or activities; no fully grounded question set yet.",
dcss-fy27-1-social-studies-r20,1,Social Studies,2026-09-28,9,needs_additional_source_material,FIRST,20,SS1H1,"Only codes, program references, topic labels or activities; no fully grounded question set yet.",
dcss-fy27-1-literacy-r23,1,Literacy,2026-10-05,10,needs_additional_source_material,FIRST,23,"Heggerty week 9
M.   T.    W.   TH.   F.  | U2: Sessions 11-15 | U2W3","Only codes, program references, topic labels or activities; no fully grounded question set yet.",
dcss-fy27-1-math-r23,1,Math,2026-10-05,10,needs_additional_source_material,FIRST,23,"U2: 1.NR.1.2, 1.NR.2.1","Only codes, program references, topic labels or activities; no fully grounded question set yet.",
dcss-fy27-1-social-studies-r23,1,Social Studies,2026-10-05,10,needs_additional_source_material,FIRST,23,"SS1H1, SS1G1a, SS1G1b","Only codes, program references, topic labels or activities; no fully grounded question set yet.",
dcss-fy27-1-math-r24,1,Math,UNRESOLVED,,needs_timing_review,FIRST,24,"U2: 1.NR.2.1, 1.NR.2.7",Source row has content but no Week of date. Not assigned to an adjacent week.,
dcss-fy27-1-social-studies-r24,1,Social Studies,UNRESOLVED,,needs_timing_review,FIRST,24,SS1H1,Source row has content but no Week of date. Not assigned to an adjacent week.,
dcss-fy27-1-literacy-r25,1,Literacy,2026-10-19,11,needs_additional_source_material,FIRST,25,"Heggerty week 10
M.   T.    W.   TH.   F.  | U2: Sessions 16-20 | U2W4","Only codes, program references, topic labels or activities; no fully grounded question set yet.",
dcss-fy27-1-math-r25,1,Math,2026-10-19,11,needs_additional_source_material,FIRST,25,"U2: 1.NR.2.1, 1.NR.2.7","Only codes, program references, topic labels or activities; no fully grounded question set yet.",
dcss-fy27-1-social-studies-r25,1,Social Studies,2026-10-19,11,needs_additional_source_material,FIRST,25,"SS1H1, SS1G1d, SS1CG1","Only codes, program references, topic labels or activities; no fully grounded question set yet.",
dcss-fy27-1-literacy-r26,1,Literacy,2026-10-26,12,needs_additional_source_material,FIRST,26,"Heggerty week 11
M.   T.    W.   TH.   F.  | U2: Sessions 21-25 | U2W5","Only codes, program references, topic labels or activities; no fully grounded question set yet.",
dcss-fy27-1-math-r26,1,Math,2026-10-26,12,needs_additional_source_material,FIRST,26,"U2: 1.NR.2.1, 1.NR.2.7","Only codes, program references, topic labels or activities; no fully grounded question set yet.",
dcss-fy27-1-social-studies-r26,1,Social Studies,2026-10-26,12,needs_additional_source_material,FIRST,26,"SS1H1, SS1G1, SS1CG1","Only codes, program references, topic labels or activities; no fully grounded question set yet.",
dcss-fy27-1-literacy-r29,1,Literacy,2026-11-02,13,needs_additional_source_material,FIRST,29,"Heggerty week 12
M.   T.    W.   TH.   F.  | U2: Sessions 26-30 | U2W6","Only codes, program references, topic labels or activities; no fully grounded question set yet.",
dcss-fy27-1-math-r29,1,Math,2026-11-02,13,needs_additional_source_material,FIRST,29,"U2: 1.NR.1.2, 1.NR.2.1","Only codes, program references, topic labels or activities; no fully grounded question set yet.",
dcss-fy27-1-science-r29,1,Science,2026-11-02,13,needs_additional_source_material,FIRST,29,S1E1.a,"Only codes, program references, topic labels or activities; no fully grounded question set yet.",
dcss-fy27-1-literacy-r30,1,Literacy,2026-11-09,14,needs_additional_source_material,FIRST,30,"Heggerty week 13
M.   T.    W.   TH.   F.  | U3: Sessions 1-5 | U3W1","Only codes, program references, topic labels or activities; no fully grounded question set yet.",
dcss-fy27-1-math-r30,1,Math,2026-11-09,14,needs_additional_source_material,FIRST,30,"U3: 1.NR.2.1, 1.NR.2.2","Only codes, program references, topic labels or activities; no fully grounded question set yet.",
dcss-fy27-1-science-r30,1,Science,2026-11-09,14,needs_additional_source_material,FIRST,30,S1E1.b,"Only codes, program references, topic labels or activities; no fully grounded question set yet.",
dcss-fy27-1-literacy-r31,1,Literacy,2026-11-16,15,needs_additional_source_material,FIRST,31,"Heggerty week 14
M.   T.    W.   TH.   F.  | U3: Sessions 6-10 | U3W2","Only codes, program references, topic labels or activities; no fully grounded question set yet.",
dcss-fy27-1-math-r31,1,Math,2026-11-16,15,needs_additional_source_material,FIRST,31,"U3: 1.NR.2.2, 1.MDR6.4","Only codes, program references, topic labels or activities; no fully grounded question set yet.",
dcss-fy27-1-science-r31,1,Science,2026-11-16,15,needs_additional_source_material,FIRST,31,S1E1.c,"Only codes, program references, topic labels or activities; no fully grounded question set yet.",
dcss-fy27-1-literacy-r35,1,Literacy,2026-11-30,16,needs_additional_source_material,FIRST,35,"Heggerty week 15
M.  T.   W.   TH.    F.   | U3: Sessions 11-15 | U3W3","Only codes, program references, topic labels or activities; no fully grounded question set yet.",
dcss-fy27-1-math-r35,1,Math,2026-11-30,16,needs_additional_source_material,FIRST,35,"U3: 1.NR.2.1, 1.MDR6.4","Only codes, program references, topic labels or activities; no fully grounded question set yet.",
dcss-fy27-1-science-r35,1,Science,2026-11-30,16,needs_additional_source_material,FIRST,35,S1E1.d,"Only codes, program references, topic labels or activities; no fully grounded question set yet.",
dcss-fy27-1-literacy-r36,1,Literacy,2026-12-07,17,needs_additional_source_material,FIRST,36,"Heggerty week 16
M.  T.   W.   TH.    F.   | U3: Sessions 16-20 | U3W4","Only codes, program references, topic labels or activities; no fully grounded question set yet.",
dcss-fy27-1-math-r36,1,Math,2026-12-07,17,needs_additional_source_material,FIRST,36,"U3: 1.NR.2.5, 1.MDR6.4","Only codes, program references, topic labels or activities; no fully grounded question set yet.",
dcss-fy27-1-social-studies-r36,1,Social Studies,2026-12-07,17,needs_additional_source_material,FIRST,36,SS1H1,"Only codes, program references, topic labels or activities; no fully grounded question set yet.",
dcss-fy27-1-literacy-r37,1,Literacy,2026-12-14,18,needs_additional_source_material,FIRST,37,Review/Reteach  | U3: Sessions 21-25 | U3W5,"Only codes, program references, topic labels or activities; no fully grounded question set yet.",
dcss-fy27-1-math-r37,1,Math,2026-12-14,18,needs_additional_source_material,FIRST,37,"U3: 1.NR.2.1, 1.NR.2.2","Only codes, program references, topic labels or activities; no fully grounded question set yet.",
dcss-fy27-1-social-studies-r37,1,Social Studies,2026-12-14,18,needs_additional_source_material,FIRST,37,SS1H1,"Only codes, program references, topic labels or activities; no fully grounded question set yet.",
dcss-fy27-1-literacy-r43,1,Literacy,2027-01-04,19,needs_additional_source_material,FIRST,43,Heggerty week 17 | U3: Sessions 26-30 | U3W6,"Only codes, program references, topic labels or activities; no fully grounded question set yet.",
dcss-fy27-1-math-r43,1,Math,2027-01-04,19,needs_additional_source_material,FIRST,43,"U4: 1.NR.1.1, 1.NR.1.2","Only codes, program references, topic labels or activities; no fully grounded question set yet.",
dcss-fy27-1-social-studies-r43,1,Social Studies,2027-01-04,19,needs_additional_source_material,FIRST,43,SS1E1,"Only codes, program references, topic labels or activities; no fully grounded question set yet.",
dcss-fy27-1-literacy-r44,1,Literacy,2027-01-11,20,needs_additional_source_material,FIRST,44,Heggerty week 18 | U4: Sessions 1-5 | U4W1,"Only codes, program references, topic labels or activities; no fully grounded question set yet.",
dcss-fy27-1-math-r44,1,Math,2027-01-11,20,needs_additional_source_material,FIRST,44,"U4: 1.NR.1.2, 1.NR.1.3","Only codes, program references, topic labels or activities; no fully grounded question set yet.",
dcss-fy27-1-social-studies-r44,1,Social Studies,2027-01-11,20,needs_additional_source_material,FIRST,44,"SS1E2, SS1E3","Only codes, program references, topic labels or activities; no fully grounded question set yet.",
dcss-fy27-1-literacy-r45,1,Literacy,2027-01-18,21,needs_additional_source_material,FIRST,45,Heggerty week 19 | U4: Sessions 6-10 | U4W2,"Only codes, program references, topic labels or activities; no fully grounded question set yet.",
dcss-fy27-1-math-r45,1,Math,2027-01-18,21,needs_additional_source_material,FIRST,45,"U4: 1.NR.1.1, 1.NR.1.3","Only codes, program references, topic labels or activities; no fully grounded question set yet.",
dcss-fy27-1-social-studies-r45,1,Social Studies,2027-01-18,21,needs_additional_source_material,FIRST,45,SS1E4,"Only codes, program references, topic labels or activities; no fully grounded question set yet.",
dcss-fy27-1-literacy-r46,1,Literacy,2027-01-25,22,needs_additional_source_material,FIRST,46,Heggerty week 20 | U4: Sessions 11-15 | U4W3,"Only codes, program references, topic labels or activities; no fully grounded question set yet.",
dcss-fy27-1-math-r46,1,Math,2027-01-25,22,needs_additional_source_material,FIRST,46,"U4: 1.NR.1.1, 1.NR.1.2","Only codes, program references, topic labels or activities; no fully grounded question set yet.",
dcss-fy27-1-science-r46,1,Science,2027-01-25,22,needs_additional_source_material,FIRST,46,S1P1.b,"Only codes, program references, topic labels or activities; no fully grounded question set yet.",
dcss-fy27-1-literacy-r49,1,Literacy,2027-02-01,23,needs_additional_source_material,FIRST,49,Heggerty week 21 | U4: Sessions 16-20 | U4W4,"Only codes, program references, topic labels or activities; no fully grounded question set yet.",
dcss-fy27-1-math-r49,1,Math,2027-02-01,23,needs_additional_source_material,FIRST,49,U5: 1.NR.5.1,"Only codes, program references, topic labels or activities; no fully grounded question set yet.",
dcss-fy27-1-science-r49,1,Science,2027-02-01,23,needs_additional_source_material,FIRST,49,S1P1.a,"Only codes, program references, topic labels or activities; no fully grounded question set yet.",
dcss-fy27-1-literacy-r50,1,Literacy,2027-02-08,24,needs_additional_source_material,FIRST,50,Heggerty week 22 | U4: Sessions 21-25 | U4W5,"Only codes, program references, topic labels or activities; no fully grounded question set yet.",
dcss-fy27-1-math-r50,1,Math,2027-02-08,24,needs_additional_source_material,FIRST,50,U5: 1.NR.5.1,"Only codes, program references, topic labels or activities; no fully grounded question set yet.",
dcss-fy27-1-science-r50,1,Science,2027-02-08,24,needs_additional_source_material,FIRST,50,S1P1.c,"Only codes, program references, topic labels or activities; no fully grounded question set yet.",
dcss-fy27-1-math-r51,1,Math,UNRESOLVED,,needs_timing_review,FIRST,51,U5: 1.NR.5.1,Source row has content but no Week of date. Not assigned to an adjacent week.,
dcss-fy27-1-literacy-r52,1,Literacy,2027-02-22,25,needs_additional_source_material,FIRST,52,Heggerty  week 23 | U4: Sessions 26-30  | U4W6,"Only codes, program references, topic labels or activities; no fully grounded question set yet.",
dcss-fy27-1-math-r52,1,Math,2027-02-22,25,needs_additional_source_material,FIRST,52,U5: 1.NR.5.1,"Only codes, program references, topic labels or activities; no fully grounded question set yet.",
dcss-fy27-1-science-r52,1,Science,2027-02-22,25,needs_additional_source_material,FIRST,52,S1P1.d,"Only codes, program references, topic labels or activities; no fully grounded question set yet.",
dcss-fy27-1-literacy-r55,1,Literacy,2027-03-01,26,needs_additional_source_material,FIRST,55,Heggerty week 24 | U5: Sessions 1-5 | U5W1,"Only codes, program references, topic labels or activities; no fully grounded question set yet.",
dcss-fy27-1-math-r55,1,Math,2027-03-01,26,needs_additional_source_material,FIRST,55,U5: 1.NR.5.1,"Only codes, program references, topic labels or activities; no fully grounded question set yet.",
dcss-fy27-1-science-r55,1,Science,2027-03-01,26,needs_additional_source_material,FIRST,55,S1P1.e,"Only codes, program references, topic labels or activities; no fully grounded question set yet.",
dcss-fy27-1-literacy-r56,1,Literacy,2027-03-08,27,needs_additional_source_material,FIRST,56,Heggerty week 25 | U5: Sessions 6-10 | U5W2,"Only codes, program references, topic labels or activities; no fully grounded question set yet.",
dcss-fy27-1-math-r56,1,Math,2027-03-08,27,needs_additional_source_material,FIRST,56,U5: 1.NR.5.1,"Only codes, program references, topic labels or activities; no fully grounded question set yet.",
dcss-fy27-1-social-studies-r56,1,Social Studies,2027-03-08,27,needs_additional_source_material,FIRST,56,SS1CG1,"Only codes, program references, topic labels or activities; no fully grounded question set yet.",
dcss-fy27-1-literacy-r57,1,Literacy,2027-03-15,28,needs_additional_source_material,FIRST,57,Heggerty week 26 | U5: Sessions 11-15 | U5W3,"Only codes, program references, topic labels or activities; no fully grounded question set yet.",
dcss-fy27-1-math-r57,1,Math,2027-03-15,28,needs_additional_source_material,FIRST,57,"U6: 1.GSR.4.1, 1.GSR.4.3","Only codes, program references, topic labels or activities; no fully grounded question set yet.",
dcss-fy27-1-social-studies-r57,1,Social Studies,2027-03-15,28,needs_additional_source_material,FIRST,57,SS1CG1,"Only codes, program references, topic labels or activities; no fully grounded question set yet.",
dcss-fy27-1-literacy-r58,1,Literacy,2027-03-22,29,needs_additional_source_material,FIRST,58,Heggerty week 27 | U5: Sessions 16-21 | U5W4,"Only codes, program references, topic labels or activities; no fully grounded question set yet.",
dcss-fy27-1-math-r58,1,Math,2027-03-22,29,needs_additional_source_material,FIRST,58,"U6: 1.GSR.4.3, 1.MDR.6.2","Only codes, program references, topic labels or activities; no fully grounded question set yet.",
dcss-fy27-1-social-studies-r58,1,Social Studies,2027-03-22,29,needs_additional_source_material,FIRST,58,SS1G2,"Only codes, program references, topic labels or activities; no fully grounded question set yet.",
dcss-fy27-1-literacy-r59,1,Literacy,2027-03-29,30,needs_additional_source_material,FIRST,59,Heggerty week 28 | U5: Sessions 22-26 | U5W5,"Only codes, program references, topic labels or activities; no fully grounded question set yet.",
dcss-fy27-1-math-r59,1,Math,2027-03-29,30,needs_additional_source_material,FIRST,59,"U6: 1.MDR.6.1, 1.MDR.6.2","Only codes, program references, topic labels or activities; no fully grounded question set yet.",
dcss-fy27-1-social-studies-r59,1,Social Studies,2027-03-29,30,needs_additional_source_material,FIRST,59,SS1G3,"Only codes, program references, topic labels or activities; no fully grounded question set yet.",
dcss-fy27-1-literacy-r63,1,Literacy,2027-04-12,31,needs_additional_source_material,FIRST,63,Heggerty week 29 | U6: Session 1-5 | U6W1,"Only codes, program references, topic labels or activities; no fully grounded question set yet.",
dcss-fy27-1-math-r63,1,Math,2027-04-12,31,needs_additional_source_material,FIRST,63,"U6: 1.MDR.6.2, 1.MDR.6.3","Only codes, program references, topic labels or activities; no fully grounded question set yet.",
dcss-fy27-1-social-studies-r63,1,Social Studies,2027-04-12,31,needs_additional_source_material,FIRST,63,"SS1CG1, SS1G2, SS1G3","Only codes, program references, topic labels or activities; no fully grounded question set yet.",
dcss-fy27-1-literacy-r64,1,Literacy,2027-04-19,32,needs_additional_source_material,FIRST,64,Heggerty week 30 | U6: Sessions 6-11 | U6W2,"Only codes, program references, topic labels or activities; no fully grounded question set yet.",
dcss-fy27-1-math-r64,1,Math,2027-04-19,32,needs_additional_source_material,FIRST,64,"U6: 1.MDR.6.2, 1.MDR.6.3","Only codes, program references, topic labels or activities; no fully grounded question set yet.",
dcss-fy27-1-science-r64,1,Science,2027-04-19,32,needs_additional_source_material,FIRST,64,S1P2.a,"Only codes, program references, topic labels or activities; no fully grounded question set yet.",
dcss-fy27-1-literacy-r65,1,Literacy,2027-04-26,33,needs_additional_source_material,FIRST,65,Review/Reteach | U6: Sessions 12-17 | U6W3,"Only codes, program references, topic labels or activities; no fully grounded question set yet.",
dcss-fy27-1-math-r65,1,Math,2027-04-26,33,needs_additional_source_material,FIRST,65,"U6: 1.MDR.6.1, 1.MDR.6.3","Only codes, program references, topic labels or activities; no fully grounded question set yet.",
dcss-fy27-1-science-r65,1,Science,2027-04-26,33,needs_additional_source_material,FIRST,65,S1P2.a,"Only codes, program references, topic labels or activities; no fully grounded question set yet.",
dcss-fy27-1-literacy-r68,1,Literacy,2027-05-03,34,needs_additional_source_material,FIRST,68,Review/Reteach | U6: Sessions 18-22 | U6W4,"Only codes, program references, topic labels or activities; no fully grounded question set yet.",
dcss-fy27-1-math-r68,1,Math,2027-05-03,34,needs_additional_source_material,FIRST,68,"U6: 1.GSR.4.1, 1.MDR.6.3","Only codes, program references, topic labels or activities; no fully grounded question set yet.",
dcss-fy27-1-science-r68,1,Science,2027-05-03,34,needs_additional_source_material,FIRST,68,S1P2.b,"Only codes, program references, topic labels or activities; no fully grounded question set yet.",
dcss-fy27-1-literacy-r69,1,Literacy,2027-05-10,35,needs_additional_source_material,FIRST,69,Review/Reteach | U6: Sessions 23-27 | U6W5,"Only codes, program references, topic labels or activities; no fully grounded question set yet.",
dcss-fy27-1-math-r69,1,Math,2027-05-10,35,needs_additional_source_material,FIRST,69,"U6: 1.GSR.4.1, 1.GSR.4.3","Only codes, program references, topic labels or activities; no fully grounded question set yet.",
dcss-fy27-1-science-r69,1,Science,2027-05-10,35,needs_additional_source_material,FIRST,69,"S1P2.a, b","Only codes, program references, topic labels or activities; no fully grounded question set yet.",
dcss-fy27-1-literacy-r70,1,Literacy,2027-05-17,36,needs_additional_source_material,FIRST,70,Review/Reteach | U6: Sessions 28-30 | U6W6,"Only codes, program references, topic labels or activities; no fully grounded question set yet.",
dcss-fy27-1-math-r70,1,Math,2027-05-17,36,needs_additional_source_material,FIRST,70,"U6: 1.GSR.4.1, 1.GSR.4.3","Only codes, program references, topic labels or activities; no fully grounded question set yet.",
dcss-fy27-2-literacy-r10,2,Literacy,2026-08-03,1,needs_additional_source_material,SECOND,10,Getting to Know You | U1: Sessions 1-2 | Unit 1 Week 1,"Only codes, program references, topic labels or activities; no fully grounded question set yet.",
dcss-fy27-2-math-r10,2,Math,2026-08-03,1,needs_additional_source_material,SECOND,10,Lesson 0: 2.MP.1-8,"Only codes, program references, topic labels or activities; no fully grounded question set yet.",
dcss-fy27-2-social-studies-r10,2,Social Studies,2026-08-03,1,needs_additional_source_material,SECOND,10,U1: SSIPS,"Only codes, program references, topic labels or activities; no fully grounded question set yet.",
dcss-fy27-2-literacy-r11,2,Literacy,2026-08-10,2,partially_supported,SECOND,11,Heggerty week 1 | U1: Sessions 3-7 | U1W1,The cited skill supports generated drafts; other references still need source detail or review.,DCSS 2nd Grade ELA Pacing Calendar
dcss-fy27-2-math-r11,2,Math,2026-08-10,2,needs_additional_source_material,SECOND,11,Lesson 0: 2. MP.1-8,"Only codes, program references, topic labels or activities; no fully grounded question set yet.",
dcss-fy27-2-social-studies-r11,2,Social Studies,2026-08-10,2,partially_supported,SECOND,11,U1: SSIPS,The cited skill supports generated drafts; other references still need source detail or review.,2nd Science/Social Studies Pacing Support
dcss-fy27-2-literacy-r12,2,Literacy,2026-08-17,3,needs_additional_source_material,SECOND,12,Heggerty week 2 | U1: Sessions 8-12 | U1W2,"Only codes, program references, topic labels or activities; no fully grounded question set yet.",
dcss-fy27-2-math-r12,2,Math,2026-08-17,3,partially_supported,SECOND,12,U1: 2.NR.2.1,The cited skill supports generated drafts; other references still need source detail or review.,2nd Math Pacing Support
dcss-fy27-2-social-studies-r12,2,Social Studies,2026-08-17,3,needs_additional_source_material,SECOND,12,U1: SSIPS,"Only codes, program references, topic labels or activities; no fully grounded question set yet.",
dcss-fy27-2-literacy-r13,2,Literacy,2026-08-24,4,needs_additional_source_material,SECOND,13,Heggerty week 3 | U1: Sessions 13-16 | U1W3,"Only codes, program references, topic labels or activities; no fully grounded question set yet.",
dcss-fy27-2-math-r13,2,Math,2026-08-24,4,partially_supported,SECOND,13,U1: 2.NR.2.3,The cited skill supports generated drafts; other references still need source detail or review.,2nd Math Pacing Support
dcss-fy27-2-social-studies-r13,2,Social Studies,2026-08-24,4,needs_additional_source_material,SECOND,13,U1: SSIPS,"Only codes, program references, topic labels or activities; no fully grounded question set yet.",
dcss-fy27-2-literacy-r16,2,Literacy,2026-08-31,5,partially_supported,SECOND,16,Heggerty week 4 | U1: Sessions 17-21 | U1W4,The cited skill supports generated drafts; other references still need source detail or review.,DCSS 2nd Grade ELA Pacing Calendar
dcss-fy27-2-math-r16,2,Math,2026-08-31,5,needs_additional_source_material,SECOND,16,U1: 2.NR.2.3,"Only codes, program references, topic labels or activities; no fully grounded question set yet.",
dcss-fy27-2-social-studies-r16,2,Social Studies,2026-08-31,5,needs_additional_source_material,SECOND,16,U1: SSIPS,"Only codes, program references, topic labels or activities; no fully grounded question set yet.",
dcss-fy27-2-literacy-r17,2,Literacy,2026-09-07,6,needs_additional_source_material,SECOND,17,"Heggerty  week 5
M.    T.     W.    TH.     F. | U1: Sessions 22-25 | U1W5","Only codes, program references, topic labels or activities; no fully grounded question set yet.",
dcss-fy27-2-math-r17,2,Math,2026-09-07,6,needs_additional_source_material,SECOND,17,U1: 2.NR.2.1,"Only codes, program references, topic labels or activities; no fully grounded question set yet.",
dcss-fy27-2-science-r17,2,Science,2026-09-07,6,partially_supported,SECOND,17,U1: S2E1,The cited skill supports generated drafts; other references still need source detail or review.,2nd Science/Social Studies Pacing Support
dcss-fy27-2-literacy-r18,2,Literacy,2026-09-14,7,needs_additional_source_material,SECOND,18,"Heggerty  week 6
M.   T.    W.   TH.   F.  | U1: Sessions 26-30 | U1W6","Only codes, program references, topic labels or activities; no fully grounded question set yet.",
dcss-fy27-2-math-r18,2,Math,2026-09-14,7,needs_additional_source_material,SECOND,18,U1: 2.MDR.5.4,"Only codes, program references, topic labels or activities; no fully grounded question set yet.",
dcss-fy27-2-science-r18,2,Science,2026-09-14,7,needs_additional_source_material,SECOND,18,U1: S2E1,"Only codes, program references, topic labels or activities; no fully grounded question set yet.",
dcss-fy27-2-literacy-r19,2,Literacy,2026-09-21,8,needs_additional_source_material,SECOND,19,"Heggerty  week 7
M.   T.    W.   TH.   F.  | U2: Sessions 1-5 | U2W1","Only codes, program references, topic labels or activities; no fully grounded question set yet.",
dcss-fy27-2-math-r19,2,Math,2026-09-21,8,needs_additional_source_material,SECOND,19,U1: 2.NR.2.3,"Only codes, program references, topic labels or activities; no fully grounded question set yet.",
dcss-fy27-2-science-r19,2,Science,2026-09-21,8,needs_additional_source_material,SECOND,19,U1: S2E1,"Only codes, program references, topic labels or activities; no fully grounded question set yet.",
dcss-fy27-2-literacy-r20,2,Literacy,2026-09-28,9,needs_additional_source_material,SECOND,20,"Heggerty  week 8
M.   T.    W.   TH.   F.  | U2: Sessions 6-10 | U2W2","Only codes, program references, topic labels or activities; no fully grounded question set yet.",
dcss-fy27-2-math-r20,2,Math,2026-09-28,9,needs_additional_source_material,SECOND,20,Review Week,"Only codes, program references, topic labels or activities; no fully grounded question set yet.",
dcss-fy27-2-science-r20,2,Science,2026-09-28,9,needs_additional_source_material,SECOND,20,U1: S2E1,"Only codes, program references, topic labels or activities; no fully grounded question set yet.",
dcss-fy27-2-literacy-r23,2,Literacy,2026-10-05,10,needs_additional_source_material,SECOND,23,"Heggerty week 9
M.   T.    W.   TH.   F.  | U2: Sessions 11-15 | U2W3","Only codes, program references, topic labels or activities; no fully grounded question set yet.",
dcss-fy27-2-math-r23,2,Math,2026-10-05,10,needs_additional_source_material,SECOND,23,U2: 2.NR.2,"Only codes, program references, topic labels or activities; no fully grounded question set yet.",
dcss-fy27-2-science-r23,2,Science,2026-10-05,10,needs_additional_source_material,SECOND,23,U2: S2P2,"Only codes, program references, topic labels or activities; no fully grounded question set yet.",
dcss-fy27-2-literacy-r24,2,Literacy,UNRESOLVED,,needs_timing_review,SECOND,24,week 10,Source row has content but no Week of date. Not assigned to an adjacent week.,
dcss-fy27-2-literacy-r25,2,Literacy,2026-10-19,11,needs_additional_source_material,SECOND,25,"Heggerty week 10
M.   T.    W.   TH.   F.  | U2: Sessions 16-20 | U2W4","Only codes, program references, topic labels or activities; no fully grounded question set yet.",
dcss-fy27-2-math-r25,2,Math,2026-10-19,11,needs_additional_source_material,SECOND,25,U2: 2.NR.2,"Only codes, program references, topic labels or activities; no fully grounded question set yet.",
dcss-fy27-2-science-r25,2,Science,2026-10-19,11,needs_additional_source_material,SECOND,25,U2: S2P2,"Only codes, program references, topic labels or activities; no fully grounded question set yet.",
dcss-fy27-2-literacy-r26,2,Literacy,2026-10-26,12,needs_additional_source_material,SECOND,26,"Heggerty week 11
M.   T.    W.   TH.   F.  | U2: Sessions 21-25 | U2W5","Only codes, program references, topic labels or activities; no fully grounded question set yet.",
dcss-fy27-2-math-r26,2,Math,2026-10-26,12,needs_additional_source_material,SECOND,26,U2: 2.NR.2,"Only codes, program references, topic labels or activities; no fully grounded question set yet.",
dcss-fy27-2-social-studies-r26,2,Social Studies,2026-10-26,12,needs_additional_source_material,SECOND,26,U2: SS2CG1,"Only codes, program references, topic labels or activities; no fully grounded question set yet.",
dcss-fy27-2-literacy-r29,2,Literacy,2026-11-02,13,needs_additional_source_material,SECOND,29,"Heggerty week 12
M.   T.    W.   TH.   F.  | U2: Sessions 26-30 | U2W6","Only codes, program references, topic labels or activities; no fully grounded question set yet.",
dcss-fy27-2-math-r29,2,Math,2026-11-02,13,needs_additional_source_material,SECOND,29,U2: 2.NR.2.4,"Only codes, program references, topic labels or activities; no fully grounded question set yet.",
dcss-fy27-2-social-studies-r29,2,Social Studies,2026-11-02,13,needs_additional_source_material,SECOND,29,U2: SS2CG1,"Only codes, program references, topic labels or activities; no fully grounded question set yet.",
dcss-fy27-2-literacy-r30,2,Literacy,2026-11-09,14,needs_additional_source_material,SECOND,30,"Heggerty week 13
M.   T.    W.   TH.   F.  | U3: Sessions 1-5 | U3W1","Only codes, program references, topic labels or activities; no fully grounded question set yet.",
dcss-fy27-2-math-r30,2,Math,2026-11-09,14,needs_additional_source_material,SECOND,30,U2: 2.MDR6,"Only codes, program references, topic labels or activities; no fully grounded question set yet.",
dcss-fy27-2-social-studies-r30,2,Social Studies,2026-11-09,14,needs_additional_source_material,SECOND,30,U2: SS2CG1,"Only codes, program references, topic labels or activities; no fully grounded question set yet.",
dcss-fy27-2-literacy-r31,2,Literacy,2026-11-16,15,needs_additional_source_material,SECOND,31,"Heggerty week 14
M.   T.    W.   TH.   F.  | U3: Sessions 6-10 | U3W2","Only codes, program references, topic labels or activities; no fully grounded question set yet.",
dcss-fy27-2-math-r31,2,Math,2026-11-16,15,needs_additional_source_material,SECOND,31,U2: 2.MDR.6,"Only codes, program references, topic labels or activities; no fully grounded question set yet.",
dcss-fy27-2-social-studies-r31,2,Social Studies,2026-11-16,15,needs_additional_source_material,SECOND,31,U2: SS2CG1,"Only codes, program references, topic labels or activities; no fully grounded question set yet.",
dcss-fy27-2-literacy-r35,2,Literacy,2026-11-30,16,needs_additional_source_material,SECOND,35,"Heggerty week 15
M.  T.   W.   TH.    F.   | U3: Sessions 11-15 | U3W3","Only codes, program references, topic labels or activities; no fully grounded question set yet.",
dcss-fy27-2-math-r35,2,Math,2026-11-30,16,needs_additional_source_material,SECOND,35,U3: 2.NR.1,"Only codes, program references, topic labels or activities; no fully grounded question set yet.",
dcss-fy27-2-social-studies-r35,2,Social Studies,2026-11-30,16,needs_additional_source_material,SECOND,35,U3: SS2H1,"Only codes, program references, topic labels or activities; no fully grounded question set yet.",
dcss-fy27-2-literacy-r36,2,Literacy,2026-12-07,17,needs_additional_source_material,SECOND,36,"Heggerty week 16
M.  T.   W.   TH.    F.   | U3: Sessions 16-20 | U3W4","Only codes, program references, topic labels or activities; no fully grounded question set yet.",
dcss-fy27-2-math-r36,2,Math,2026-12-07,17,needs_additional_source_material,SECOND,36,U3: 2.NR.1.3,"Only codes, program references, topic labels or activities; no fully grounded question set yet.",
dcss-fy27-2-social-studies-r36,2,Social Studies,2026-12-07,17,needs_additional_source_material,SECOND,36,U3: SS2H1,"Only codes, program references, topic labels or activities; no fully grounded question set yet.",
dcss-fy27-2-literacy-r37,2,Literacy,2026-12-14,18,needs_additional_source_material,SECOND,37,Reteach/Review | U3: Sessions 21-25 | U3W5,"Only codes, program references, topic labels or activities; no fully grounded question set yet.",
dcss-fy27-2-math-r37,2,Math,2026-12-14,18,needs_additional_source_material,SECOND,37,U3: 2.NR.1.3,"Only codes, program references, topic labels or activities; no fully grounded question set yet.",
dcss-fy27-2-social-studies-r37,2,Social Studies,2026-12-14,18,needs_additional_source_material,SECOND,37,U3: SS2H1,"Only codes, program references, topic labels or activities; no fully grounded question set yet.",
dcss-fy27-2-literacy-r43,2,Literacy,2027-01-04,19,needs_additional_source_material,SECOND,43,"Heggerty week 17
M.  T.   W.   TH.    F.   | U3: Sessions 26-30 | U3W6","Only codes, program references, topic labels or activities; no fully grounded question set yet.",
dcss-fy27-2-math-r43,2,Math,2027-01-04,19,needs_additional_source_material,SECOND,43,U3: 2.NR.2.2,"Only codes, program references, topic labels or activities; no fully grounded question set yet.",
dcss-fy27-2-social-studies-r43,2,Social Studies,2027-01-04,19,needs_additional_source_material,SECOND,43,U3: SS2H1,"Only codes, program references, topic labels or activities; no fully grounded question set yet.",
dcss-fy27-2-literacy-r44,2,Literacy,2027-01-11,20,needs_additional_source_material,SECOND,44,Heggerty week 18 | U4: Sessions 1-5 | U4W1,"Only codes, program references, topic labels or activities; no fully grounded question set yet.",
dcss-fy27-2-math-r44,2,Math,2027-01-11,20,needs_additional_source_material,SECOND,44,U3: 2.NR.2.3,"Only codes, program references, topic labels or activities; no fully grounded question set yet.",
dcss-fy27-2-social-studies-r44,2,Social Studies,2027-01-11,20,needs_additional_source_material,SECOND,44,U3: SS2H1,"Only codes, program references, topic labels or activities; no fully grounded question set yet.",
dcss-fy27-2-literacy-r45,2,Literacy,2027-01-18,21,needs_additional_source_material,SECOND,45,Heggerty week 19 | U4: Sessions 6-10 | U4W2,"Only codes, program references, topic labels or activities; no fully grounded question set yet.",
dcss-fy27-2-math-r45,2,Math,2027-01-18,21,needs_additional_source_material,SECOND,45,U3: 2.NR.2.3,"Only codes, program references, topic labels or activities; no fully grounded question set yet.",
dcss-fy27-2-science-r45,2,Science,2027-01-18,21,needs_additional_source_material,SECOND,45,U3: S2P1,"Only codes, program references, topic labels or activities; no fully grounded question set yet.",
dcss-fy27-2-literacy-r46,2,Literacy,2027-01-25,22,needs_additional_source_material,SECOND,46,Heggerty week 20 | U4: Sessions 11-15 | U4W3,"Only codes, program references, topic labels or activities; no fully grounded question set yet.",
dcss-fy27-2-math-r46,2,Math,2027-01-25,22,needs_additional_source_material,SECOND,46,U3: 2.NR.2.3,"Only codes, program references, topic labels or activities; no fully grounded question set yet.",
dcss-fy27-2-science-r46,2,Science,2027-01-25,22,needs_additional_source_material,SECOND,46,U3: S2P1,"Only codes, program references, topic labels or activities; no fully grounded question set yet.",
dcss-fy27-2-literacy-r49,2,Literacy,2027-02-01,23,needs_additional_source_material,SECOND,49,Heggerty week 21 | U4: Sessions 16-20 | U4W4,"Only codes, program references, topic labels or activities; no fully grounded question set yet.",
dcss-fy27-2-math-r49,2,Math,2027-02-01,23,needs_additional_source_material,SECOND,49,U3: 2.NR.2,"Only codes, program references, topic labels or activities; no fully grounded question set yet.",
dcss-fy27-2-science-r49,2,Science,2027-02-01,23,needs_additional_source_material,SECOND,49,U3: S2P1,"Only codes, program references, topic labels or activities; no fully grounded question set yet.",
dcss-fy27-2-literacy-r50,2,Literacy,2027-02-08,24,needs_additional_source_material,SECOND,50,Heggerty week 22 | U4: Sessions 21-25 | U4W5,"Only codes, program references, topic labels or activities; no fully grounded question set yet.",
dcss-fy27-2-math-r50,2,Math,2027-02-08,24,needs_additional_source_material,SECOND,50,U4: 2.MDR.5.2,"Only codes, program references, topic labels or activities; no fully grounded question set yet.",
dcss-fy27-2-social-studies-r50,2,Social Studies,2027-02-08,24,needs_additional_source_material,SECOND,50,U4: SS2CG3,"Only codes, program references, topic labels or activities; no fully grounded question set yet.",
dcss-fy27-2-literacy-r51,2,Literacy,UNRESOLVED,,needs_timing_review,SECOND,51,week 25,Source row has content but no Week of date. Not assigned to an adjacent week.,
dcss-fy27-2-literacy-r52,2,Literacy,2027-02-22,25,needs_additional_source_material,SECOND,52,Heggerty week 23 | U4: Sessions 26-30  | U4W6,"Only codes, program references, topic labels or activities; no fully grounded question set yet.",
dcss-fy27-2-math-r52,2,Math,2027-02-22,25,needs_additional_source_material,SECOND,52,U4: 2.MDR.5,"Only codes, program references, topic labels or activities; no fully grounded question set yet.",
dcss-fy27-2-social-studies-r52,2,Social Studies,2027-02-22,25,needs_additional_source_material,SECOND,52,U4: SS2CG3,"Only codes, program references, topic labels or activities; no fully grounded question set yet.",
dcss-fy27-2-literacy-r55,2,Literacy,2027-03-01,26,needs_additional_source_material,SECOND,55,Heggerty  week 24 | U5: Sessions 1-5 | U5W1,"Only codes, program references, topic labels or activities; no fully grounded question set yet.",
dcss-fy27-2-math-r55,2,Math,2027-03-01,26,needs_additional_source_material,SECOND,55,U4: 2.MDR.5.2,"Only codes, program references, topic labels or activities; no fully grounded question set yet.",
dcss-fy27-2-social-studies-r55,2,Social Studies,2027-03-01,26,needs_additional_source_material,SECOND,55,U4: SS2CG3,"Only codes, program references, topic labels or activities; no fully grounded question set yet.",
dcss-fy27-2-literacy-r56,2,Literacy,2027-03-08,27,needs_additional_source_material,SECOND,56,Heggerty week 25 | U5: Sessions 6-10 | U5W2,"Only codes, program references, topic labels or activities; no fully grounded question set yet.",
dcss-fy27-2-math-r56,2,Math,2027-03-08,27,needs_additional_source_material,SECOND,56,U4: 2.MDR.5.3,"Only codes, program references, topic labels or activities; no fully grounded question set yet.",
dcss-fy27-2-social-studies-r56,2,Social Studies,2027-03-08,27,needs_additional_source_material,SECOND,56,U5: SS2G2,"Only codes, program references, topic labels or activities; no fully grounded question set yet.",
dcss-fy27-2-literacy-r57,2,Literacy,2027-03-15,28,needs_additional_source_material,SECOND,57,Heggerty week 26 | U5: Sessions 11-15 | U5W3,"Only codes, program references, topic labels or activities; no fully grounded question set yet.",
dcss-fy27-2-math-r57,2,Math,2027-03-15,28,needs_additional_source_material,SECOND,57,U4: 2.MDR5.5,"Only codes, program references, topic labels or activities; no fully grounded question set yet.",
dcss-fy27-2-social-studies-r57,2,Social Studies,2027-03-15,28,needs_additional_source_material,SECOND,57,U5: SS2G2,"Only codes, program references, topic labels or activities; no fully grounded question set yet.",
dcss-fy27-2-literacy-r58,2,Literacy,2027-03-22,29,needs_additional_source_material,SECOND,58,Heggerty week 27 | U5: Sessions 16-20 | U5W4,"Only codes, program references, topic labels or activities; no fully grounded question set yet.",
dcss-fy27-2-math-r58,2,Math,2027-03-22,29,needs_additional_source_material,SECOND,58,U4: 2.MDR.5.4,"Only codes, program references, topic labels or activities; no fully grounded question set yet.",
dcss-fy27-2-social-studies-r58,2,Social Studies,2027-03-22,29,needs_additional_source_material,SECOND,58,U5: SS2G2,"Only codes, program references, topic labels or activities; no fully grounded question set yet.",
dcss-fy27-2-literacy-r59,2,Literacy,2027-03-29,30,needs_additional_source_material,SECOND,59,Heggerty week 28 | U5: Sessions 21-25 | U5W5,"Only codes, program references, topic labels or activities; no fully grounded question set yet.",
dcss-fy27-2-math-r59,2,Math,2027-03-29,30,needs_additional_source_material,SECOND,59,REVIEW WEEK,"Only codes, program references, topic labels or activities; no fully grounded question set yet.",
dcss-fy27-2-social-studies-r59,2,Social Studies,2027-03-29,30,needs_additional_source_material,SECOND,59,U5: SS2G2,"Only codes, program references, topic labels or activities; no fully grounded question set yet.",
dcss-fy27-2-literacy-r63,2,Literacy,2027-04-12,31,needs_additional_source_material,SECOND,63,Heggerty week 29 | U6: Sessions 1-5 | U6W1,"Only codes, program references, topic labels or activities; no fully grounded question set yet.",
dcss-fy27-2-math-r63,2,Math,2027-04-12,31,needs_additional_source_material,SECOND,63,U5: 2.GSR.7.1,"Only codes, program references, topic labels or activities; no fully grounded question set yet.",
dcss-fy27-2-social-studies-r63,2,Social Studies,2027-04-12,31,needs_additional_source_material,SECOND,63,U5: SS2G2,"Only codes, program references, topic labels or activities; no fully grounded question set yet.",
dcss-fy27-2-literacy-r64,2,Literacy,2027-04-19,32,needs_additional_source_material,SECOND,64,Heggerty week 30 | U6: Sessions 6-10 | U6W2,"Only codes, program references, topic labels or activities; no fully grounded question set yet.",
dcss-fy27-2-math-r64,2,Math,2027-04-19,32,needs_additional_source_material,SECOND,64,U5:2.GSR.7.3,"Only codes, program references, topic labels or activities; no fully grounded question set yet.",
dcss-fy27-2-science-r64,2,Science,2027-04-19,32,needs_additional_source_material,SECOND,64,U4: S2E3,"Only codes, program references, topic labels or activities; no fully grounded question set yet.",
dcss-fy27-2-literacy-r65,2,Literacy,2027-04-26,33,needs_additional_source_material,SECOND,65,Heggerty week 31* | U6: Sessions 11-15 | U6W3,"Only codes, program references, topic labels or activities; no fully grounded question set yet.",
dcss-fy27-2-math-r65,2,Math,2027-04-26,33,needs_additional_source_material,SECOND,65,U5: 2.GSR.7.2,"Only codes, program references, topic labels or activities; no fully grounded question set yet.",
dcss-fy27-2-science-r65,2,Science,2027-04-26,33,needs_additional_source_material,SECOND,65,U4: S2E3,"Only codes, program references, topic labels or activities; no fully grounded question set yet.",
dcss-fy27-2-literacy-r68,2,Literacy,2027-05-03,34,needs_additional_source_material,SECOND,68,Heggerty week 32* | U6: Sessions 16-20 | U6W4,"Only codes, program references, topic labels or activities; no fully grounded question set yet.",
dcss-fy27-2-math-r68,2,Math,2027-05-03,34,needs_additional_source_material,SECOND,68,U5: 2.NR.3.2,"Only codes, program references, topic labels or activities; no fully grounded question set yet.",
dcss-fy27-2-social-studies-r68,2,Social Studies,2027-05-03,34,needs_additional_source_material,SECOND,68,U6: SS2H2,"Only codes, program references, topic labels or activities; no fully grounded question set yet.",
dcss-fy27-2-literacy-r69,2,Literacy,2027-05-10,35,needs_additional_source_material,SECOND,69,Heggerty week 33* | U6: Sessions 21-25 | U6W5,"Only codes, program references, topic labels or activities; no fully grounded question set yet.",
dcss-fy27-2-math-r69,2,Math,2027-05-10,35,needs_additional_source_material,SECOND,69,U5: 2.NR.3.1,"Only codes, program references, topic labels or activities; no fully grounded question set yet.",
dcss-fy27-2-social-studies-r69,2,Social Studies,2027-05-10,35,needs_additional_source_material,SECOND,69,U6: SS2H2,"Only codes, program references, topic labels or activities; no fully grounded question set yet.",
dcss-fy27-2-literacy-r70,2,Literacy,2027-05-17,36,needs_additional_source_material,SECOND,70,Culminating Activites | U6: Sessions 26-28 | U6W6,"Only codes, program references, topic labels or activities; no fully grounded question set yet.",
dcss-fy27-2-math-r70,2,Math,2027-05-17,36,needs_additional_source_material,SECOND,70,Review,"Only codes, program references, topic labels or activities; no fully grounded question set yet.",
dcss-fy27-2-social-studies-r70,2,Social Studies,2027-05-17,36,needs_additional_source_material,SECOND,70,U6: SS2H2,"Only codes, program references, topic labels or activities; no fully grounded question set yet.",
dcss-fy27-3-literacy-r10,3,Literacy,2026-08-03,1,needs_additional_source_material,THIRD,10,"U1: Sessions 1-2 | Writing Boot Camp, Unit 1 Week 1","Only codes, program references, topic labels or activities; no fully grounded question set yet.",
dcss-fy27-3-math-r10,3,Math,2026-08-03,1,needs_additional_source_material,THIRD,10,Lesson 0 ,"Only codes, program references, topic labels or activities; no fully grounded question set yet.",
dcss-fy27-3-science-r10,3,Science,2026-08-03,1,needs_additional_source_material,THIRD,10,Pre-Planning / First Day,"Only codes, program references, topic labels or activities; no fully grounded question set yet.",
dcss-fy27-3-literacy-r11,3,Literacy,2026-08-10,2,needs_additional_source_material,THIRD,11,U1: Sessions 3-7 | U1W2,"Only codes, program references, topic labels or activities; no fully grounded question set yet.",
dcss-fy27-3-math-r11,3,Math,2026-08-10,2,partially_supported,THIRD,11,U1: 3.NR.1.3,The cited skill supports generated drafts; other references still need source detail or review.,3rd Math Pacing Support
dcss-fy27-3-science-r11,3,Science,2026-08-10,2,partially_supported,THIRD,11,U1: S3E1a,The cited skill supports generated drafts; other references still need source detail or review.,3rd Science Pacing Support
dcss-fy27-3-literacy-r12,3,Literacy,2026-08-17,3,needs_additional_source_material,THIRD,12,U1: Sessions 8-12 | U1W3,"Only codes, program references, topic labels or activities; no fully grounded question set yet.",
dcss-fy27-3-math-r12,3,Math,2026-08-17,3,partially_supported,THIRD,12,U1: 3.NR.1.1,The cited skill supports generated drafts; other references still need source detail or review.,3rd Math Pacing Support
dcss-fy27-3-science-r12,3,Science,2026-08-17,3,needs_additional_source_material,THIRD,12,U1: S3E1a,"Only codes, program references, topic labels or activities; no fully grounded question set yet.",
dcss-fy27-3-social-studies-r12,3,Social Studies,2026-08-17,3,needs_additional_source_material,THIRD,12,"SS3G1, SS3G1a. SS3G1b","Only codes, program references, topic labels or activities; no fully grounded question set yet.",
dcss-fy27-3-literacy-r13,3,Literacy,2026-08-24,4,partially_supported,THIRD,13,U1: Sessions 13-18 | U1W4,The cited skill supports generated drafts; other references still need source detail or review.,3rd ELA Pacing Support
dcss-fy27-3-math-r13,3,Math,2026-08-24,4,partially_supported,THIRD,13,U1: 3.PAR.2.1,The cited skill supports generated drafts; other references still need source detail or review.,3rd Math Pacing Support
dcss-fy27-3-science-r13,3,Science,2026-08-24,4,needs_additional_source_material,THIRD,13,U1: S3E1a,"Only codes, program references, topic labels or activities; no fully grounded question set yet.",
dcss-fy27-3-social-studies-r13,3,Social Studies,2026-08-24,4,needs_additional_source_material,THIRD,13,"SS3G1, SS3G1a. SS3G1b","Only codes, program references, topic labels or activities; no fully grounded question set yet.",
dcss-fy27-3-literacy-r16,3,Literacy,2026-08-31,5,needs_additional_source_material,THIRD,16,U1: Sessions 19-24 | U1W5,"Only codes, program references, topic labels or activities; no fully grounded question set yet.",
dcss-fy27-3-math-r16,3,Math,2026-08-31,5,needs_additional_source_material,THIRD,16,U1: 3.NR.1.1,"Only codes, program references, topic labels or activities; no fully grounded question set yet.",
dcss-fy27-3-science-r16,3,Science,2026-08-31,5,needs_additional_source_material,THIRD,16,U1: S3E1a,"Only codes, program references, topic labels or activities; no fully grounded question set yet.",
dcss-fy27-3-social-studies-r16,3,Social Studies,2026-08-31,5,partially_supported,THIRD,16,"SS3G1, SS3G1a. SS3G1b",The cited skill supports generated drafts; other references still need source detail or review.,3rd Social Studies Pacing Support
dcss-fy27-3-literacy-r17,3,Literacy,2026-09-07,6,partially_supported,THIRD,17,U1: Sessions 25-28 | U1W6,The cited skill supports generated drafts; other references still need source detail or review.,3rd ELA Pacing Support
dcss-fy27-3-math-r17,3,Math,2026-09-07,6,needs_additional_source_material,THIRD,17,★ UA-1 | U2: 3.PAR.3.2,"Only codes, program references, topic labels or activities; no fully grounded question set yet.",
dcss-fy27-3-science-r17,3,Science,2026-09-07,6,needs_additional_source_material,THIRD,17,U1: S3E1a,"Only codes, program references, topic labels or activities; no fully grounded question set yet.",
dcss-fy27-3-social-studies-r17,3,Social Studies,2026-09-07,6,needs_additional_source_material,THIRD,17,"H1, G3a, E1a, E1b","Only codes, program references, topic labels or activities; no fully grounded question set yet.",
dcss-fy27-3-literacy-r18,3,Literacy,2026-09-14,7,needs_additional_source_material,THIRD,18,"U1: Sessions 29/30, U2: Sessions 1-4 | U2W1","Only codes, program references, topic labels or activities; no fully grounded question set yet.",
dcss-fy27-3-math-r18,3,Math,2026-09-14,7,needs_additional_source_material,THIRD,18,U2: 3.PAR.3.2,"Only codes, program references, topic labels or activities; no fully grounded question set yet.",
dcss-fy27-3-science-r18,3,Science,2026-09-14,7,needs_additional_source_material,THIRD,18,U1: S3E1a,"Only codes, program references, topic labels or activities; no fully grounded question set yet.",
dcss-fy27-3-social-studies-r18,3,Social Studies,2026-09-14,7,needs_additional_source_material,THIRD,18,"H1, G3a, E1a, E1b","Only codes, program references, topic labels or activities; no fully grounded question set yet.",
dcss-fy27-3-literacy-r19,3,Literacy,2026-09-21,8,needs_additional_source_material,THIRD,19,U2: Sessions 5-10 | U2W2,"Only codes, program references, topic labels or activities; no fully grounded question set yet.",
dcss-fy27-3-math-r19,3,Math,2026-09-21,8,needs_additional_source_material,THIRD,19,U2: 3.PAR.3.2,"Only codes, program references, topic labels or activities; no fully grounded question set yet.",
dcss-fy27-3-science-r19,3,Science,2026-09-21,8,needs_additional_source_material,THIRD,19,U1: S3E1a,"Only codes, program references, topic labels or activities; no fully grounded question set yet.",
dcss-fy27-3-social-studies-r19,3,Social Studies,2026-09-21,8,needs_additional_source_material,THIRD,19,"H1, G3a, E1a, E1b","Only codes, program references, topic labels or activities; no fully grounded question set yet.",
dcss-fy27-3-literacy-r20,3,Literacy,2026-09-28,9,needs_additional_source_material,THIRD,20,U2: Sessions 11-16 | U2W3,"Only codes, program references, topic labels or activities; no fully grounded question set yet.",
dcss-fy27-3-math-r20,3,Math,2026-09-28,9,needs_additional_source_material,THIRD,20,U2: 3.PAR.3.2,"Only codes, program references, topic labels or activities; no fully grounded question set yet.",
dcss-fy27-3-science-r20,3,Science,2026-09-28,9,needs_additional_source_material,THIRD,20,U1: S3L1,"Only codes, program references, topic labels or activities; no fully grounded question set yet.",
dcss-fy27-3-social-studies-r20,3,Social Studies,2026-09-28,9,needs_additional_source_material,THIRD,20,"H1, G3a, E1a, E1b","Only codes, program references, topic labels or activities; no fully grounded question set yet.",
dcss-fy27-3-literacy-r23,3,Literacy,2026-10-05,10,needs_additional_source_material,THIRD,23,U2: Sessions 17-21 | U2W4,"Only codes, program references, topic labels or activities; no fully grounded question set yet.",
dcss-fy27-3-math-r23,3,Math,2026-10-05,10,needs_additional_source_material,THIRD,23,U2: 3.PAR.3.2 ★ MUC-2,"Only codes, program references, topic labels or activities; no fully grounded question set yet.",
dcss-fy27-3-science-r23,3,Science,2026-10-05,10,needs_additional_source_material,THIRD,23,U1: S3E1a,"Only codes, program references, topic labels or activities; no fully grounded question set yet.",
dcss-fy27-3-social-studies-r23,3,Social Studies,2026-10-05,10,needs_additional_source_material,THIRD,23,"H1, G3a, E1a, E1b","Only codes, program references, topic labels or activities; no fully grounded question set yet.",
dcss-fy27-3-math-r24,3,Math,UNRESOLVED,,needs_timing_review,THIRD,24,U2: 3.PAR.3.3,Source row has content but no Week of date. Not assigned to an adjacent week.,
dcss-fy27-3-science-r24,3,Science,UNRESOLVED,,needs_timing_review,THIRD,24,U1: S3E2,Source row has content but no Week of date. Not assigned to an adjacent week.,
dcss-fy27-3-social-studies-r24,3,Social Studies,UNRESOLVED,,needs_timing_review,THIRD,24,"H1, G3a, E1a, E1b",Source row has content but no Week of date. Not assigned to an adjacent week.,
dcss-fy27-3-literacy-r25,3,Literacy,2026-10-19,11,needs_additional_source_material,THIRD,25,U2: Sessions 22-27 | U2W5,"Only codes, program references, topic labels or activities; no fully grounded question set yet.",
dcss-fy27-3-math-r25,3,Math,2026-10-19,11,needs_additional_source_material,THIRD,25,U2: 3.PAR.3.3,"Only codes, program references, topic labels or activities; no fully grounded question set yet.",
dcss-fy27-3-science-r25,3,Science,2026-10-19,11,needs_additional_source_material,THIRD,25,U1: S3E2,"Only codes, program references, topic labels or activities; no fully grounded question set yet.",
dcss-fy27-3-social-studies-r25,3,Social Studies,2026-10-19,11,needs_additional_source_material,THIRD,25,"H1, G3a, E1a, E1b","Only codes, program references, topic labels or activities; no fully grounded question set yet.",
dcss-fy27-3-literacy-r26,3,Literacy,2026-10-26,12,needs_additional_source_material,THIRD,26,"U2: Sessions 28-30, U3 Sessions 1-2 | U2W6","Only codes, program references, topic labels or activities; no fully grounded question set yet.",
dcss-fy27-3-math-r26,3,Math,2026-10-26,12,needs_additional_source_material,THIRD,26,U2: 3.PAR.3.6,"Only codes, program references, topic labels or activities; no fully grounded question set yet.",
dcss-fy27-3-science-r26,3,Science,2026-10-26,12,needs_additional_source_material,THIRD,26,U1: S3E2,"Only codes, program references, topic labels or activities; no fully grounded question set yet.",
dcss-fy27-3-social-studies-r26,3,Social Studies,2026-10-26,12,needs_additional_source_material,THIRD,26,"H1, G3a, E1a, E1b","Only codes, program references, topic labels or activities; no fully grounded question set yet.",
dcss-fy27-3-literacy-r29,3,Literacy,2026-11-02,13,needs_additional_source_material,THIRD,29,U3: Sessions 3-5 | U3W1,"Only codes, program references, topic labels or activities; no fully grounded question set yet.",
dcss-fy27-3-math-r29,3,Math,2026-11-02,13,needs_additional_source_material,THIRD,29,U2: 3.PAR.3.2,"Only codes, program references, topic labels or activities; no fully grounded question set yet.",
dcss-fy27-3-science-r29,3,Science,2026-11-02,13,needs_additional_source_material,THIRD,29,U1: S3E2,"Only codes, program references, topic labels or activities; no fully grounded question set yet.",
dcss-fy27-3-social-studies-r29,3,Social Studies,2026-11-02,13,needs_additional_source_material,THIRD,29,"H2, G3b, E1","Only codes, program references, topic labels or activities; no fully grounded question set yet.",
dcss-fy27-3-literacy-r30,3,Literacy,2026-11-09,14,needs_additional_source_material,THIRD,30,U3: Sessions 6-10 | U3W2,"Only codes, program references, topic labels or activities; no fully grounded question set yet.",
dcss-fy27-3-math-r30,3,Math,2026-11-09,14,needs_additional_source_material,THIRD,30,U2: 3.PAR.3.1 ★ UA-2,"Only codes, program references, topic labels or activities; no fully grounded question set yet.",
dcss-fy27-3-science-r30,3,Science,2026-11-09,14,needs_additional_source_material,THIRD,30,U1: S3E2,"Only codes, program references, topic labels or activities; no fully grounded question set yet.",
dcss-fy27-3-social-studies-r30,3,Social Studies,2026-11-09,14,needs_additional_source_material,THIRD,30,"H2, G3b, E1","Only codes, program references, topic labels or activities; no fully grounded question set yet.",
dcss-fy27-3-literacy-r31,3,Literacy,2026-11-16,15,needs_additional_source_material,THIRD,31,U3: Sessions 11-14 | U3W3,"Only codes, program references, topic labels or activities; no fully grounded question set yet.",
dcss-fy27-3-math-r31,3,Math,2026-11-16,15,needs_additional_source_material,THIRD,31,U3: 3.GSR.7.1,"Only codes, program references, topic labels or activities; no fully grounded question set yet.",
dcss-fy27-3-science-r31,3,Science,2026-11-16,15,needs_additional_source_material,THIRD,31,U1: S3E2,"Only codes, program references, topic labels or activities; no fully grounded question set yet.",
dcss-fy27-3-social-studies-r31,3,Social Studies,2026-11-16,15,needs_additional_source_material,THIRD,31,"H2, G3b, E1","Only codes, program references, topic labels or activities; no fully grounded question set yet.",
dcss-fy27-3-literacy-r35,3,Literacy,2026-11-30,16,needs_additional_source_material,THIRD,35,U3: Sessions 15-20 | U3W4,"Only codes, program references, topic labels or activities; no fully grounded question set yet.",
dcss-fy27-3-math-r35,3,Math,2026-11-30,16,needs_additional_source_material,THIRD,35,U3: 3.GSR.7.2,"Only codes, program references, topic labels or activities; no fully grounded question set yet.",
dcss-fy27-3-science-r35,3,Science,2026-11-30,16,needs_additional_source_material,THIRD,35,U2: S3L1,"Only codes, program references, topic labels or activities; no fully grounded question set yet.",
dcss-fy27-3-social-studies-r35,3,Social Studies,2026-11-30,16,needs_additional_source_material,THIRD,35,"H2, G3b, E1","Only codes, program references, topic labels or activities; no fully grounded question set yet.",
dcss-fy27-3-literacy-r36,3,Literacy,2026-12-07,17,needs_additional_source_material,THIRD,36,U3: Sessions 21-24 | U3W5,"Only codes, program references, topic labels or activities; no fully grounded question set yet.",
dcss-fy27-3-math-r36,3,Math,2026-12-07,17,needs_additional_source_material,THIRD,36,U3: 3.GSR.8.1 ★ MUC-3,"Only codes, program references, topic labels or activities; no fully grounded question set yet.",
dcss-fy27-3-science-r36,3,Science,2026-12-07,17,needs_additional_source_material,THIRD,36,U2: S3L1,"Only codes, program references, topic labels or activities; no fully grounded question set yet.",
dcss-fy27-3-social-studies-r36,3,Social Studies,2026-12-07,17,needs_additional_source_material,THIRD,36,"H2, G3b, E1","Only codes, program references, topic labels or activities; no fully grounded question set yet.",
dcss-fy27-3-literacy-r37,3,Literacy,2026-12-14,18,needs_additional_source_material,THIRD,37,U3: Sessions 25-30 | U3W6,"Only codes, program references, topic labels or activities; no fully grounded question set yet.",
dcss-fy27-3-math-r37,3,Math,2026-12-14,18,needs_additional_source_material,THIRD,37,U3: 3.PAR.3.6,"Only codes, program references, topic labels or activities; no fully grounded question set yet.",
dcss-fy27-3-science-r37,3,Science,2026-12-14,18,needs_additional_source_material,THIRD,37,U2: S3L1,"Only codes, program references, topic labels or activities; no fully grounded question set yet.",
dcss-fy27-3-social-studies-r37,3,Social Studies,2026-12-14,18,needs_additional_source_material,THIRD,37,"H2, G3b, E1","Only codes, program references, topic labels or activities; no fully grounded question set yet.",
dcss-fy27-3-literacy-r43,3,Literacy,2027-01-04,19,needs_additional_source_material,THIRD,43,U4: Sessions 1-4 | U4W1,"Only codes, program references, topic labels or activities; no fully grounded question set yet.",
dcss-fy27-3-math-r43,3,Math,2027-01-04,19,needs_additional_source_material,THIRD,43,U3: 3.NR.1.2 ★ UA-3,"Only codes, program references, topic labels or activities; no fully grounded question set yet.",
dcss-fy27-3-science-r43,3,Science,2027-01-04,19,needs_additional_source_material,THIRD,43,U2: S3L1,"Only codes, program references, topic labels or activities; no fully grounded question set yet.",
dcss-fy27-3-social-studies-r43,3,Social Studies,2027-01-04,19,needs_additional_source_material,THIRD,43,"H3, G3c, E1, E3","Only codes, program references, topic labels or activities; no fully grounded question set yet.",
dcss-fy27-3-literacy-r44,3,Literacy,2027-01-11,20,needs_additional_source_material,THIRD,44,U4: Sessions 5-10 | U4W2,"Only codes, program references, topic labels or activities; no fully grounded question set yet.",
dcss-fy27-3-math-r44,3,Math,2027-01-11,20,needs_additional_source_material,THIRD,44,U4: 3.NR.4.1,"Only codes, program references, topic labels or activities; no fully grounded question set yet.",
dcss-fy27-3-science-r44,3,Science,2027-01-11,20,needs_additional_source_material,THIRD,44,U2: S3L1,"Only codes, program references, topic labels or activities; no fully grounded question set yet.",
dcss-fy27-3-social-studies-r44,3,Social Studies,2027-01-11,20,needs_additional_source_material,THIRD,44,"H3, G3c, E1, E3","Only codes, program references, topic labels or activities; no fully grounded question set yet.",
dcss-fy27-3-literacy-r45,3,Literacy,2027-01-18,21,needs_additional_source_material,THIRD,45,U4: Sessions 11-14 | U4W3,"Only codes, program references, topic labels or activities; no fully grounded question set yet.",
dcss-fy27-3-math-r45,3,Math,2027-01-18,21,needs_additional_source_material,THIRD,45,U4: 3.NR.4.1,"Only codes, program references, topic labels or activities; no fully grounded question set yet.",
dcss-fy27-3-science-r45,3,Science,2027-01-18,21,needs_additional_source_material,THIRD,45,U2: S3L1,"Only codes, program references, topic labels or activities; no fully grounded question set yet.",
dcss-fy27-3-social-studies-r45,3,Social Studies,2027-01-18,21,needs_additional_source_material,THIRD,45,"H3, G3c, E1, E3","Only codes, program references, topic labels or activities; no fully grounded question set yet.",
dcss-fy27-3-literacy-r46,3,Literacy,2027-01-25,22,needs_additional_source_material,THIRD,46,U4: Sessions 15-20 | U4W4,"Only codes, program references, topic labels or activities; no fully grounded question set yet.",
dcss-fy27-3-math-r46,3,Math,2027-01-25,22,needs_additional_source_material,THIRD,46,U4: 3.NR.4.3 ★ MUC-4,"Only codes, program references, topic labels or activities; no fully grounded question set yet.",
dcss-fy27-3-science-r46,3,Science,2027-01-25,22,needs_additional_source_material,THIRD,46,U2: S3P1,"Only codes, program references, topic labels or activities; no fully grounded question set yet.",
dcss-fy27-3-social-studies-r46,3,Social Studies,2027-01-25,22,needs_additional_source_material,THIRD,46,"H3, G3c, E1, E3","Only codes, program references, topic labels or activities; no fully grounded question set yet.",
dcss-fy27-3-literacy-r47,3,Literacy,UNRESOLVED,,needs_timing_review,THIRD,47,U4W5,Source row has content but no Week of date. Not assigned to an adjacent week.,
dcss-fy27-3-literacy-r49,3,Literacy,2027-02-01,23,needs_additional_source_material,THIRD,49,U4: Sessions 21-26 | U4W5,"Only codes, program references, topic labels or activities; no fully grounded question set yet.",
dcss-fy27-3-math-r49,3,Math,2027-02-01,23,needs_additional_source_material,THIRD,49,U4: 3.NR.4.3,"Only codes, program references, topic labels or activities; no fully grounded question set yet.",
dcss-fy27-3-science-r49,3,Science,2027-02-01,23,needs_additional_source_material,THIRD,49,U2: S3P1,"Only codes, program references, topic labels or activities; no fully grounded question set yet.",
dcss-fy27-3-social-studies-r49,3,Social Studies,2027-02-01,23,needs_additional_source_material,THIRD,49,"H3, G3c, E1, E3","Only codes, program references, topic labels or activities; no fully grounded question set yet.",
dcss-fy27-3-literacy-r50,3,Literacy,2027-02-08,24,needs_additional_source_material,THIRD,50,U4: Sessions 27-30 | U4W6,"Only codes, program references, topic labels or activities; no fully grounded question set yet.",
dcss-fy27-3-math-r50,3,Math,2027-02-08,24,needs_additional_source_material,THIRD,50,U4: 3.NR.4.2,"Only codes, program references, topic labels or activities; no fully grounded question set yet.",
dcss-fy27-3-science-r50,3,Science,2027-02-08,24,needs_additional_source_material,THIRD,50,U2: S3P1,"Only codes, program references, topic labels or activities; no fully grounded question set yet.",
dcss-fy27-3-social-studies-r50,3,Social Studies,2027-02-08,24,needs_additional_source_material,THIRD,50,"H3, G3c, E1, E3","Only codes, program references, topic labels or activities; no fully grounded question set yet.",
dcss-fy27-3-math-r51,3,Math,UNRESOLVED,,needs_timing_review,THIRD,51,U4: 3.MDR.5.1 ★ UA-4,Source row has content but no Week of date. Not assigned to an adjacent week.,
dcss-fy27-3-science-r51,3,Science,UNRESOLVED,,needs_timing_review,THIRD,51,U2: S3P1,Source row has content but no Week of date. Not assigned to an adjacent week.,
dcss-fy27-3-social-studies-r51,3,Social Studies,UNRESOLVED,,needs_timing_review,THIRD,51,"H3, G3c, E1, E3",Source row has content but no Week of date. Not assigned to an adjacent week.,
dcss-fy27-3-literacy-r52,3,Literacy,2027-02-22,25,needs_additional_source_material,THIRD,52,U5: Session 1-5 | U5W1,"Only codes, program references, topic labels or activities; no fully grounded question set yet.",
dcss-fy27-3-math-r52,3,Math,2027-02-22,25,needs_additional_source_material,THIRD,52,Unit 4,"Only codes, program references, topic labels or activities; no fully grounded question set yet.",
dcss-fy27-3-science-r52,3,Science,2027-02-22,25,needs_additional_source_material,THIRD,52,U2: S3P1,"Only codes, program references, topic labels or activities; no fully grounded question set yet.",
dcss-fy27-3-social-studies-r52,3,Social Studies,2027-02-22,25,needs_additional_source_material,THIRD,52,"H3, G3c, E1, E3","Only codes, program references, topic labels or activities; no fully grounded question set yet.",
dcss-fy27-3-literacy-r55,3,Literacy,2027-03-01,26,needs_additional_source_material,THIRD,55,U5: Sessions 6-9 | U5W2,"Only codes, program references, topic labels or activities; no fully grounded question set yet.",
dcss-fy27-3-math-r55,3,Math,2027-03-01,26,needs_additional_source_material,THIRD,55,U5: 3.MDR.5.2,"Only codes, program references, topic labels or activities; no fully grounded question set yet.",
dcss-fy27-3-science-r55,3,Science,2027-03-01,26,needs_additional_source_material,THIRD,55,U2: S3P1,"Only codes, program references, topic labels or activities; no fully grounded question set yet.",
dcss-fy27-3-social-studies-r55,3,Social Studies,2027-03-01,26,needs_additional_source_material,THIRD,55,"H3, G3c, E1, E3","Only codes, program references, topic labels or activities; no fully grounded question set yet.",
dcss-fy27-3-literacy-r56,3,Literacy,2027-03-08,27,needs_additional_source_material,THIRD,56,U5: Sessions 10-14 | U5W3,"Only codes, program references, topic labels or activities; no fully grounded question set yet.",
dcss-fy27-3-math-r56,3,Math,2027-03-08,27,needs_additional_source_material,THIRD,56,U5: 3.MDR.5.2 ★ MUC-5,"Only codes, program references, topic labels or activities; no fully grounded question set yet.",
dcss-fy27-3-science-r56,3,Science,2027-03-08,27,needs_additional_source_material,THIRD,56,U2: S3P1,"Only codes, program references, topic labels or activities; no fully grounded question set yet.",
dcss-fy27-3-social-studies-r56,3,Social Studies,2027-03-08,27,needs_additional_source_material,THIRD,56,"CG1, CG2","Only codes, program references, topic labels or activities; no fully grounded question set yet.",
dcss-fy27-3-literacy-r57,3,Literacy,2027-03-15,28,needs_additional_source_material,THIRD,57,U5: Sessions 15-20 | U5W4,"Only codes, program references, topic labels or activities; no fully grounded question set yet.",
dcss-fy27-3-math-r57,3,Math,2027-03-15,28,needs_additional_source_material,THIRD,57,U5: 3.MDR.5.5,"Only codes, program references, topic labels or activities; no fully grounded question set yet.",
dcss-fy27-3-science-r57,3,Science,2027-03-15,28,needs_additional_source_material,THIRD,57,U3: S3L2,"Only codes, program references, topic labels or activities; no fully grounded question set yet.",
dcss-fy27-3-social-studies-r57,3,Social Studies,2027-03-15,28,needs_additional_source_material,THIRD,57,"CG1, CG2","Only codes, program references, topic labels or activities; no fully grounded question set yet.",
dcss-fy27-3-literacy-r58,3,Literacy,2027-03-22,29,needs_additional_source_material,THIRD,58,U5: Sessions 21-24 | U5W5,"Only codes, program references, topic labels or activities; no fully grounded question set yet.",
dcss-fy27-3-math-r58,3,Math,2027-03-22,29,needs_additional_source_material,THIRD,58,U5: 3.MDR.5.5 ★ UA-5,"Only codes, program references, topic labels or activities; no fully grounded question set yet.",
dcss-fy27-3-science-r58,3,Science,2027-03-22,29,needs_additional_source_material,THIRD,58,U3: S3L2,"Only codes, program references, topic labels or activities; no fully grounded question set yet.",
dcss-fy27-3-social-studies-r58,3,Social Studies,2027-03-22,29,needs_additional_source_material,THIRD,58,"CG1, CG2","Only codes, program references, topic labels or activities; no fully grounded question set yet.",
dcss-fy27-3-literacy-r59,3,Literacy,2027-03-29,30,needs_additional_source_material,THIRD,59,U5: Sessions 25-30 | U5W6,"Only codes, program references, topic labels or activities; no fully grounded question set yet.",
dcss-fy27-3-math-r59,3,Math,2027-03-29,30,needs_additional_source_material,THIRD,59,U6: 3.GSR.6.2,"Only codes, program references, topic labels or activities; no fully grounded question set yet.",
dcss-fy27-3-science-r59,3,Science,2027-03-29,30,needs_additional_source_material,THIRD,59,U3: S3L2,"Only codes, program references, topic labels or activities; no fully grounded question set yet.",
dcss-fy27-3-social-studies-r59,3,Social Studies,2027-03-29,30,needs_additional_source_material,THIRD,59,"CG1, CG2","Only codes, program references, topic labels or activities; no fully grounded question set yet.",
dcss-fy27-3-literacy-r63,3,Literacy,2027-04-12,31,needs_additional_source_material,THIRD,63,U6: Session 1-5 | U6W1,"Only codes, program references, topic labels or activities; no fully grounded question set yet.",
dcss-fy27-3-math-r63,3,Math,2027-04-12,31,needs_additional_source_material,THIRD,63,U6: 3.GSR.6.1 ★ MUC-6,"Only codes, program references, topic labels or activities; no fully grounded question set yet.",
dcss-fy27-3-science-r63,3,Science,2027-04-12,31,needs_additional_source_material,THIRD,63,U3: S3L2,"Only codes, program references, topic labels or activities; no fully grounded question set yet.",
dcss-fy27-3-social-studies-r63,3,Social Studies,2027-04-12,31,needs_additional_source_material,THIRD,63,"CG1, CG2","Only codes, program references, topic labels or activities; no fully grounded question set yet.",
dcss-fy27-3-literacy-r64,3,Literacy,2027-04-19,32,needs_additional_source_material,THIRD,64,U6: Sessions 6-11 | U6W2,"Only codes, program references, topic labels or activities; no fully grounded question set yet.",
dcss-fy27-3-math-r64,3,Math,2027-04-19,32,needs_additional_source_material,THIRD,64,U6: 3.GSR.6.2 ★ UA-6,"Only codes, program references, topic labels or activities; no fully grounded question set yet.",
dcss-fy27-3-science-r64,3,Science,2027-04-19,32,needs_additional_source_material,THIRD,64,U3: S3L2,"Only codes, program references, topic labels or activities; no fully grounded question set yet.",
dcss-fy27-3-social-studies-r64,3,Social Studies,2027-04-19,32,needs_additional_source_material,THIRD,64,"E1, E2, E3, E4","Only codes, program references, topic labels or activities; no fully grounded question set yet.",
dcss-fy27-3-literacy-r65,3,Literacy,2027-04-26,33,needs_additional_source_material,THIRD,65,GMAS | GMAS,"Only codes, program references, topic labels or activities; no fully grounded question set yet.",
dcss-fy27-3-math-r65,3,Math,2027-04-26,33,needs_additional_source_material,THIRD,65,GMAS,"Only codes, program references, topic labels or activities; no fully grounded question set yet.",
dcss-fy27-3-science-r65,3,Science,2027-04-26,33,needs_additional_source_material,THIRD,65,GMAS,"Only codes, program references, topic labels or activities; no fully grounded question set yet.",
dcss-fy27-3-social-studies-r65,3,Social Studies,2027-04-26,33,needs_additional_source_material,THIRD,65,"E1, E2, E3, E4","Only codes, program references, topic labels or activities; no fully grounded question set yet.",
dcss-fy27-3-literacy-r66,3,Literacy,UNRESOLVED,,needs_timing_review,THIRD,66,U6W,Source row has content but no Week of date. Not assigned to an adjacent week.,
dcss-fy27-3-literacy-r68,3,Literacy,2027-05-03,34,needs_additional_source_material,THIRD,68,U6: Sessions 12-17 | U6W3,"Only codes, program references, topic labels or activities; no fully grounded question set yet.",
dcss-fy27-3-science-r68,3,Science,2027-05-03,34,needs_additional_source_material,THIRD,68,U3: S3L2,"Only codes, program references, topic labels or activities; no fully grounded question set yet.",
dcss-fy27-3-social-studies-r68,3,Social Studies,2027-05-03,34,needs_additional_source_material,THIRD,68,"E1, E2, E3, E4","Only codes, program references, topic labels or activities; no fully grounded question set yet.",
dcss-fy27-3-literacy-r69,3,Literacy,2027-05-10,35,needs_additional_source_material,THIRD,69,U6: Sessions 18-22 | U6W4,"Only codes, program references, topic labels or activities; no fully grounded question set yet.",
dcss-fy27-3-science-r69,3,Science,2027-05-10,35,needs_additional_source_material,THIRD,69,U3: S3L2,"Only codes, program references, topic labels or activities; no fully grounded question set yet.",
dcss-fy27-3-social-studies-r69,3,Social Studies,2027-05-10,35,needs_additional_source_material,THIRD,69,"E1, E2, E3, E4","Only codes, program references, topic labels or activities; no fully grounded question set yet.",
dcss-fy27-3-literacy-r70,3,Literacy,2027-05-17,36,needs_additional_source_material,THIRD,70,U6: Sessions 23-25 | U6W5,"Only codes, program references, topic labels or activities; no fully grounded question set yet.",
dcss-fy27-3-science-r70,3,Science,2027-05-17,36,needs_additional_source_material,THIRD,70,U3: S3L2,"Only codes, program references, topic labels or activities; no fully grounded question set yet.",
dcss-fy27-3-social-studies-r70,3,Social Studies,2027-05-17,36,needs_additional_source_material,THIRD,70,"E1, E2, E3, E4","Only codes, program references, topic labels or activities; no fully grounded question set yet.",
dcss-fy27-4-literacy-r12,4,Literacy,2026-08-03,1,needs_additional_source_material,FOURTH,12,U1: Sessions 1-2 | Writing Boot Camp U1W1,"Only codes, program references, topic labels or activities; no fully grounded question set yet.",
dcss-fy27-4-math-r12,4,Math,2026-08-03,1,needs_additional_source_material,FOURTH,12,Lesson 0,"Only codes, program references, topic labels or activities; no fully grounded question set yet.",
dcss-fy27-4-science-r12,4,Science,2026-08-03,1,needs_additional_source_material,FOURTH,12,"S4E4.a, S4E2.b, S4E4.c","Only codes, program references, topic labels or activities; no fully grounded question set yet.",
dcss-fy27-4-social-studies-r12,4,Social Studies,2026-08-03,1,needs_additional_source_material,FOURTH,12,Welcome Back ,"Only codes, program references, topic labels or activities; no fully grounded question set yet.",
dcss-fy27-4-literacy-r13,4,Literacy,2026-08-10,2,partially_supported,FOURTH,13,U1: Sessions 3-7 | Writing Boot Camp U1W2,The cited skill supports generated drafts; other references still need source detail or review.,4th ELA Pacing Support
dcss-fy27-4-math-r13,4,Math,2026-08-10,2,partially_supported,FOURTH,13,"Unit 1: 4.NR.1.1, 4.NR.1.2",The cited skill supports generated drafts; other references still need source detail or review.,4th Math Pacing Support
dcss-fy27-4-science-r13,4,Science,2026-08-10,2,partially_supported,FOURTH,13,"S4E4.a, S4E2.b, S4E4.c",The cited skill supports generated drafts; other references still need source detail or review.,4th Science Pacing Support
dcss-fy27-4-social-studies-r13,4,Social Studies,2026-08-10,2,needs_additional_source_material,FOURTH,13,Unit 1: Connecting Themes,"Only codes, program references, topic labels or activities; no fully grounded question set yet.",
dcss-fy27-4-literacy-r14,4,Literacy,2026-08-17,3,needs_additional_source_material,FOURTH,14,U1: Sessions 8-12 | U1W3,"Only codes, program references, topic labels or activities; no fully grounded question set yet.",
dcss-fy27-4-math-r14,4,Math,2026-08-17,3,needs_additional_source_material,FOURTH,14,U1: 4.NR.1.3,"Only codes, program references, topic labels or activities; no fully grounded question set yet.",
dcss-fy27-4-science-r14,4,Science,2026-08-17,3,partially_supported,FOURTH,14,"S4E4.a, S4E2.b, S4E4.c",Cited skill supports draft questions; other references are not yet resolved.,4th Science Pacing Support
dcss-fy27-4-social-studies-r14,4,Social Studies,2026-08-17,3,needs_additional_source_material,FOURTH,14,Unit 1: Connecting Themes,"Only codes, program references, topic labels or activities; no fully grounded question set yet.",
dcss-fy27-4-literacy-r15,4,Literacy,2026-08-24,4,needs_additional_source_material,FOURTH,15,U1: Sessions 13-18 | U1W4,"Only codes, program references, topic labels or activities; no fully grounded question set yet.",
dcss-fy27-4-math-r15,4,Math,2026-08-24,4,needs_additional_source_material,FOURTH,15,U1: 4.NR.1.4,"Only codes, program references, topic labels or activities; no fully grounded question set yet.",
dcss-fy27-4-science-r15,4,Science,2026-08-24,4,partially_supported,FOURTH,15,"S4E4.a, S4E2.b, S4E4.c",Cited skill supports draft questions; other references are not yet resolved.,4th Science Pacing Support
dcss-fy27-4-social-studies-r15,4,Social Studies,2026-08-24,4,partially_supported,FOURTH,15,Unit 2: SS4H1,The cited skill supports generated drafts; other references still need source detail or review.,4th Social Studies Pacing Support
dcss-fy27-4-literacy-r18,4,Literacy,2026-08-31,5,partially_supported,FOURTH,18,U1: Sessions 19-23 | U1W5,The cited skill supports generated drafts; other references still need source detail or review.,4th ELA Pacing Support
dcss-fy27-4-math-r18,4,Math,2026-08-31,5,partially_supported,FOURTH,18,"U1: 4.NR.2.1
",The cited skill supports generated drafts; other references still need source detail or review.,4th Math Pacing Support
dcss-fy27-4-science-r18,4,Science,2026-08-31,5,partially_supported,FOURTH,18,"S4E4.a, S4E2.b, S4E4.c",Cited skill supports draft questions; other references are not yet resolved.,4th Science Pacing Support
dcss-fy27-4-social-studies-r18,4,Social Studies,2026-08-31,5,needs_additional_source_material,FOURTH,18,Unit 2: SS4H1,"Only codes, program references, topic labels or activities; no fully grounded question set yet.",
dcss-fy27-4-literacy-r19,4,Literacy,2026-09-07,6,needs_additional_source_material,FOURTH,19,U1: Sessions 24-27 | U1W6,"Only codes, program references, topic labels or activities; no fully grounded question set yet.",
dcss-fy27-4-math-r19,4,Math,2026-09-07,6,needs_additional_source_material,FOURTH,19,U1: 4.NR.2.1,"Only codes, program references, topic labels or activities; no fully grounded question set yet.",
dcss-fy27-4-science-r19,4,Science,2026-09-07,6,needs_additional_source_material,FOURTH,19,"S4E1, S4E2, S4P1.c","Only codes, program references, topic labels or activities; no fully grounded question set yet.",
dcss-fy27-4-social-studies-r19,4,Social Studies,2026-09-07,6,needs_additional_source_material,FOURTH,19,Unit 2: SS4H1,"Only codes, program references, topic labels or activities; no fully grounded question set yet.",
dcss-fy27-4-literacy-r20,4,Literacy,2026-09-14,7,needs_additional_source_material,FOURTH,20,"U1: Sessions 28-30, U2 Sessions 1-2 | U2W1","Only codes, program references, topic labels or activities; no fully grounded question set yet.",
dcss-fy27-4-math-r20,4,Math,2026-09-14,7,needs_additional_source_material,FOURTH,20,Unit 2: 4.NR.2.2,"Only codes, program references, topic labels or activities; no fully grounded question set yet.",
dcss-fy27-4-science-r20,4,Science,2026-09-14,7,needs_additional_source_material,FOURTH,20,"S4E1, S4E2, S4P1.c","Only codes, program references, topic labels or activities; no fully grounded question set yet.",
dcss-fy27-4-social-studies-r20,4,Social Studies,2026-09-14,7,needs_additional_source_material,FOURTH,20,Unit 2: SS4H1,"Only codes, program references, topic labels or activities; no fully grounded question set yet.",
dcss-fy27-4-literacy-r21,4,Literacy,2026-09-21,8,needs_additional_source_material,FOURTH,21,U2: Sessions 3-7 | U2W2,"Only codes, program references, topic labels or activities; no fully grounded question set yet.",
dcss-fy27-4-math-r21,4,Math,2026-09-21,8,needs_additional_source_material,FOURTH,21,"Unit 2: 4.PAR.3.3, 4.PAR.3.4","Only codes, program references, topic labels or activities; no fully grounded question set yet.",
dcss-fy27-4-science-r21,4,Science,2026-09-21,8,needs_additional_source_material,FOURTH,21,"S4E1, S4E2, S4P1.c","Only codes, program references, topic labels or activities; no fully grounded question set yet.",
dcss-fy27-4-social-studies-r21,4,Social Studies,2026-09-21,8,needs_additional_source_material,FOURTH,21,Unit 3: SS4H2,"Only codes, program references, topic labels or activities; no fully grounded question set yet.",
dcss-fy27-4-literacy-r22,4,Literacy,2026-09-28,9,needs_additional_source_material,FOURTH,22,U2: Sessions 8-13 | U2W3,"Only codes, program references, topic labels or activities; no fully grounded question set yet.",
dcss-fy27-4-math-r22,4,Math,2026-09-28,9,needs_additional_source_material,FOURTH,22,Unit 2: 4.PAR.3.1,"Only codes, program references, topic labels or activities; no fully grounded question set yet.",
dcss-fy27-4-science-r22,4,Science,2026-09-28,9,needs_additional_source_material,FOURTH,22,"S4E1, S4E2, S4P1.c","Only codes, program references, topic labels or activities; no fully grounded question set yet.",
dcss-fy27-4-social-studies-r22,4,Social Studies,2026-09-28,9,needs_additional_source_material,FOURTH,22,Unit 3: SS4H2,"Only codes, program references, topic labels or activities; no fully grounded question set yet.",
dcss-fy27-4-literacy-r25,4,Literacy,2026-10-05,10,needs_additional_source_material,FOURTH,25,U2: Sessions 14-19 | U2W4,"Only codes, program references, topic labels or activities; no fully grounded question set yet.",
dcss-fy27-4-math-r25,4,Math,2026-10-05,10,needs_additional_source_material,FOURTH,25,"Unit 2: 4.NR.2.4, 4.NR.2.5","Only codes, program references, topic labels or activities; no fully grounded question set yet.",
dcss-fy27-4-science-r25,4,Science,2026-10-05,10,needs_additional_source_material,FOURTH,25,"S4E1, S4E2, S4P1.c","Only codes, program references, topic labels or activities; no fully grounded question set yet.",
dcss-fy27-4-social-studies-r25,4,Social Studies,2026-10-05,10,needs_additional_source_material,FOURTH,25,Unit 3: SS4H2,"Only codes, program references, topic labels or activities; no fully grounded question set yet.",
dcss-fy27-4-science-r26,4,Science,UNRESOLVED,,needs_timing_review,FOURTH,26,"S4E1, S4E2, S4P1.c",Source row has content but no Week of date. Not assigned to an adjacent week.,
dcss-fy27-4-literacy-r27,4,Literacy,2026-10-19,11,needs_additional_source_material,FOURTH,27,U2: Sessions 20-24 | U2W5,"Only codes, program references, topic labels or activities; no fully grounded question set yet.",
dcss-fy27-4-math-r27,4,Math,2026-10-19,11,needs_additional_source_material,FOURTH,27,Unit 3: 4.NR.2.3,"Only codes, program references, topic labels or activities; no fully grounded question set yet.",
dcss-fy27-4-science-r27,4,Science,2026-10-19,11,needs_additional_source_material,FOURTH,27,"S4E1, S4E2, S4P1.c","Only codes, program references, topic labels or activities; no fully grounded question set yet.",
dcss-fy27-4-social-studies-r27,4,Social Studies,2026-10-19,11,needs_additional_source_material,FOURTH,27,Unit 3: SS4H2,"Only codes, program references, topic labels or activities; no fully grounded question set yet.",
dcss-fy27-4-literacy-r28,4,Literacy,2026-10-26,12,needs_additional_source_material,FOURTH,28,U2: Sessions 25-30 | U2W6,"Only codes, program references, topic labels or activities; no fully grounded question set yet.",
dcss-fy27-4-math-r28,4,Math,2026-10-26,12,needs_additional_source_material,FOURTH,28,Unit 3: 4.NR.2.3,"Only codes, program references, topic labels or activities; no fully grounded question set yet.",
dcss-fy27-4-science-r28,4,Science,2026-10-26,12,needs_additional_source_material,FOURTH,28,"S4E1, S4E2, S4P1.c","Only codes, program references, topic labels or activities; no fully grounded question set yet.",
dcss-fy27-4-social-studies-r28,4,Social Studies,2026-10-26,12,needs_additional_source_material,FOURTH,28,Unit 3: SS4H2,"Only codes, program references, topic labels or activities; no fully grounded question set yet.",
dcss-fy27-4-literacy-r31,4,Literacy,2026-11-02,13,needs_additional_source_material,FOURTH,31,U3: Sessions 1-3 | U3W1,"Only codes, program references, topic labels or activities; no fully grounded question set yet.",
dcss-fy27-4-math-r31,4,Math,2026-11-02,13,needs_additional_source_material,FOURTH,31,Unit 3: 4.MDR.6.1,"Only codes, program references, topic labels or activities; no fully grounded question set yet.",
dcss-fy27-4-science-r31,4,Science,2026-11-02,13,needs_additional_source_material,FOURTH,31,"S4E3, S4E4","Only codes, program references, topic labels or activities; no fully grounded question set yet.",
dcss-fy27-4-social-studies-r31,4,Social Studies,2026-11-02,13,needs_additional_source_material,FOURTH,31,Unit 4: SS4H3,"Only codes, program references, topic labels or activities; no fully grounded question set yet.",
dcss-fy27-4-literacy-r32,4,Literacy,2026-11-09,14,needs_additional_source_material,FOURTH,32,U3: Sessions 4-8 | U3W2,"Only codes, program references, topic labels or activities; no fully grounded question set yet.",
dcss-fy27-4-math-r32,4,Math,2026-11-09,14,needs_additional_source_material,FOURTH,32,Unit 3: 4.NR.2.4,"Only codes, program references, topic labels or activities; no fully grounded question set yet.",
dcss-fy27-4-science-r32,4,Science,2026-11-09,14,needs_additional_source_material,FOURTH,32,"S4E3, S4E4","Only codes, program references, topic labels or activities; no fully grounded question set yet.",
dcss-fy27-4-social-studies-r32,4,Social Studies,2026-11-09,14,needs_additional_source_material,FOURTH,32,Unit 4: SS4H3,"Only codes, program references, topic labels or activities; no fully grounded question set yet.",
dcss-fy27-4-literacy-r33,4,Literacy,2026-11-16,15,needs_additional_source_material,FOURTH,33,U3: Sessions 9-13 | U3W3,"Only codes, program references, topic labels or activities; no fully grounded question set yet.",
dcss-fy27-4-math-r33,4,Math,2026-11-16,15,needs_additional_source_material,FOURTH,33,Unit 3: 4.NR.2.4,"Only codes, program references, topic labels or activities; no fully grounded question set yet.",
dcss-fy27-4-science-r33,4,Science,2026-11-16,15,needs_additional_source_material,FOURTH,33,"S4E3, S4E4","Only codes, program references, topic labels or activities; no fully grounded question set yet.",
dcss-fy27-4-social-studies-r33,4,Social Studies,2026-11-16,15,needs_additional_source_material,FOURTH,33,Unit 4: SS4H3,"Only codes, program references, topic labels or activities; no fully grounded question set yet.",
dcss-fy27-4-literacy-r37,4,Literacy,2026-11-30,16,needs_additional_source_material,FOURTH,37,U3: Sessions 14-19 | U3W4,"Only codes, program references, topic labels or activities; no fully grounded question set yet.",
dcss-fy27-4-math-r37,4,Math,2026-11-30,16,needs_additional_source_material,FOURTH,37,Unit 4: 4.NR.4.1,"Only codes, program references, topic labels or activities; no fully grounded question set yet.",
dcss-fy27-4-science-r37,4,Science,2026-11-30,16,needs_additional_source_material,FOURTH,37,"S4E3, S4E4","Only codes, program references, topic labels or activities; no fully grounded question set yet.",
dcss-fy27-4-social-studies-r37,4,Social Studies,2026-11-30,16,needs_additional_source_material,FOURTH,37,Unit 4: SS4H3,"Only codes, program references, topic labels or activities; no fully grounded question set yet.",
dcss-fy27-4-literacy-r38,4,Literacy,2026-12-07,17,needs_additional_source_material,FOURTH,38,U3: Sessions 20-25 | U3W5,"Only codes, program references, topic labels or activities; no fully grounded question set yet.",
dcss-fy27-4-math-r38,4,Math,2026-12-07,17,needs_additional_source_material,FOURTH,38,"Unit 4:4.NR.4.2,4.NR.4.3","Only codes, program references, topic labels or activities; no fully grounded question set yet.",
dcss-fy27-4-science-r38,4,Science,2026-12-07,17,needs_additional_source_material,FOURTH,38,"S4E3, S4E4","Only codes, program references, topic labels or activities; no fully grounded question set yet.",
dcss-fy27-4-social-studies-r38,4,Social Studies,2026-12-07,17,needs_additional_source_material,FOURTH,38,Unit 4: SS4H3,"Only codes, program references, topic labels or activities; no fully grounded question set yet.",
dcss-fy27-4-literacy-r39,4,Literacy,2026-12-14,18,needs_additional_source_material,FOURTH,39,U3: Sessions 26-30 | U3W6,"Only codes, program references, topic labels or activities; no fully grounded question set yet.",
dcss-fy27-4-math-r39,4,Math,2026-12-14,18,needs_additional_source_material,FOURTH,39,Unit 4: 4.NR.4.4,"Only codes, program references, topic labels or activities; no fully grounded question set yet.",
dcss-fy27-4-science-r39,4,Science,2026-12-14,18,needs_additional_source_material,FOURTH,39,"S4E3, S4E4","Only codes, program references, topic labels or activities; no fully grounded question set yet.",
dcss-fy27-4-social-studies-r39,4,Social Studies,2026-12-14,18,needs_additional_source_material,FOURTH,39,Unit 4: SS4H3,"Only codes, program references, topic labels or activities; no fully grounded question set yet.",
dcss-fy27-4-literacy-r45,4,Literacy,2027-01-04,19,needs_additional_source_material,FOURTH,45,U4: Sessions 1-4 | U4W1,"Only codes, program references, topic labels or activities; no fully grounded question set yet.",
dcss-fy27-4-math-r45,4,Math,2027-01-04,19,needs_additional_source_material,FOURTH,45,"Unit 4: 4.NR.4.4, 4.NR.4.5, 4.NR.4.6","Only codes, program references, topic labels or activities; no fully grounded question set yet.",
dcss-fy27-4-social-studies-r45,4,Social Studies,2027-01-04,19,needs_additional_source_material,FOURTH,45,Unit 4: SS4H3,"Only codes, program references, topic labels or activities; no fully grounded question set yet.",
dcss-fy27-4-literacy-r46,4,Literacy,2027-01-11,20,needs_additional_source_material,FOURTH,46,U4: Sessions 5-10 | U4W2,"Only codes, program references, topic labels or activities; no fully grounded question set yet.",
dcss-fy27-4-math-r46,4,Math,2027-01-11,20,needs_additional_source_material,FOURTH,46,"Unit 4: 4.NR.4.4, 4.NR.4.6","Only codes, program references, topic labels or activities; no fully grounded question set yet.",
dcss-fy27-4-science-r46,4,Science,2027-01-11,20,needs_additional_source_material,FOURTH,46,S4L1,"Only codes, program references, topic labels or activities; no fully grounded question set yet.",
dcss-fy27-4-social-studies-r46,4,Social Studies,2027-01-11,20,needs_additional_source_material,FOURTH,46,Unit 4: SS4H3,"Only codes, program references, topic labels or activities; no fully grounded question set yet.",
dcss-fy27-4-literacy-r47,4,Literacy,2027-01-18,21,needs_additional_source_material,FOURTH,47,U4: Sessions 11-14 | U4W3,"Only codes, program references, topic labels or activities; no fully grounded question set yet.",
dcss-fy27-4-math-r47,4,Math,2027-01-18,21,needs_additional_source_material,FOURTH,47,Unit 4: 4.MDR.6.3,"Only codes, program references, topic labels or activities; no fully grounded question set yet.",
dcss-fy27-4-science-r47,4,Science,2027-01-18,21,needs_additional_source_material,FOURTH,47,S4L1,"Only codes, program references, topic labels or activities; no fully grounded question set yet.",
dcss-fy27-4-social-studies-r47,4,Social Studies,2027-01-18,21,needs_additional_source_material,FOURTH,47,Unit 5: SS4H5,"Only codes, program references, topic labels or activities; no fully grounded question set yet.",
dcss-fy27-4-literacy-r48,4,Literacy,2027-01-25,22,needs_additional_source_material,FOURTH,48,U4: Sessions 15-20 | U4W4,"Only codes, program references, topic labels or activities; no fully grounded question set yet.",
dcss-fy27-4-math-r48,4,Math,2027-01-25,22,needs_additional_source_material,FOURTH,48,Unit 4: 4.NR.5.1,"Only codes, program references, topic labels or activities; no fully grounded question set yet.",
dcss-fy27-4-science-r48,4,Science,2027-01-25,22,needs_additional_source_material,FOURTH,48,S4L1,"Only codes, program references, topic labels or activities; no fully grounded question set yet.",
dcss-fy27-4-social-studies-r48,4,Social Studies,2027-01-25,22,needs_additional_source_material,FOURTH,48,Unit 5: SS4H5,"Only codes, program references, topic labels or activities; no fully grounded question set yet.",
dcss-fy27-4-literacy-r51,4,Literacy,2027-02-01,23,needs_additional_source_material,FOURTH,51,U4: Sessions 21-26 | U4W5,"Only codes, program references, topic labels or activities; no fully grounded question set yet.",
dcss-fy27-4-math-r51,4,Math,2027-02-01,23,needs_additional_source_material,FOURTH,51,Unit 4: 4.NR.5.2,"Only codes, program references, topic labels or activities; no fully grounded question set yet.",
dcss-fy27-4-science-r51,4,Science,2027-02-01,23,needs_additional_source_material,FOURTH,51,S4L1,"Only codes, program references, topic labels or activities; no fully grounded question set yet.",
dcss-fy27-4-social-studies-r51,4,Social Studies,2027-02-01,23,needs_additional_source_material,FOURTH,51,Unit 5: SS4H5,"Only codes, program references, topic labels or activities; no fully grounded question set yet.",
dcss-fy27-4-literacy-r52,4,Literacy,2027-02-08,24,needs_additional_source_material,FOURTH,52,"U4: Sessions 27-30, U5: Session 1-2 | U4W6","Only codes, program references, topic labels or activities; no fully grounded question set yet.",
dcss-fy27-4-math-r52,4,Math,2027-02-08,24,needs_additional_source_material,FOURTH,52,Unit 4: 4.NR.5.3,"Only codes, program references, topic labels or activities; no fully grounded question set yet.",
dcss-fy27-4-science-r52,4,Science,2027-02-08,24,needs_additional_source_material,FOURTH,52,S4L1,"Only codes, program references, topic labels or activities; no fully grounded question set yet.",
dcss-fy27-4-social-studies-r52,4,Social Studies,2027-02-08,24,needs_additional_source_material,FOURTH,52,Unit 5: SS4H5,"Only codes, program references, topic labels or activities; no fully grounded question set yet.",
dcss-fy27-4-literacy-r54,4,Literacy,2027-02-22,25,needs_additional_source_material,FOURTH,54,U5: Session 3-8 | U5W1,"Only codes, program references, topic labels or activities; no fully grounded question set yet.",
dcss-fy27-4-math-r54,4,Math,2027-02-22,25,needs_additional_source_material,FOURTH,54,Unit 4: 4.MDR.6.1,"Only codes, program references, topic labels or activities; no fully grounded question set yet.",
dcss-fy27-4-science-r54,4,Science,2027-02-22,25,needs_additional_source_material,FOURTH,54,S4L1,"Only codes, program references, topic labels or activities; no fully grounded question set yet.",
dcss-fy27-4-social-studies-r54,4,Social Studies,2027-02-22,25,needs_additional_source_material,FOURTH,54,Unit 5: SS4H5,"Only codes, program references, topic labels or activities; no fully grounded question set yet.",
dcss-fy27-4-literacy-r57,4,Literacy,2027-03-01,26,needs_additional_source_material,FOURTH,57,U5: Sessions 9-11 | U5W2,"Only codes, program references, topic labels or activities; no fully grounded question set yet.",
dcss-fy27-4-math-r57,4,Math,2027-03-01,26,needs_additional_source_material,FOURTH,57,Unit 4: 4.MDR.6.1,"Only codes, program references, topic labels or activities; no fully grounded question set yet.",
dcss-fy27-4-science-r57,4,Science,2027-03-01,26,needs_additional_source_material,FOURTH,57,"S4P1, S4P2","Only codes, program references, topic labels or activities; no fully grounded question set yet.",
dcss-fy27-4-social-studies-r57,4,Social Studies,2027-03-01,26,needs_additional_source_material,FOURTH,57,Unit 5: SS4H5,"Only codes, program references, topic labels or activities; no fully grounded question set yet.",
dcss-fy27-4-literacy-r58,4,Literacy,2027-03-08,27,needs_additional_source_material,FOURTH,58,U5: Sessions 12-16 | U5W3,"Only codes, program references, topic labels or activities; no fully grounded question set yet.",
dcss-fy27-4-math-r58,4,Math,2027-03-08,27,needs_additional_source_material,FOURTH,58,"Unit 5: 4.GSR.7.1, 4.GSR.8.1","Only codes, program references, topic labels or activities; no fully grounded question set yet.",
dcss-fy27-4-science-r58,4,Science,2027-03-08,27,needs_additional_source_material,FOURTH,58,"S4P1, S4P2","Only codes, program references, topic labels or activities; no fully grounded question set yet.",
dcss-fy27-4-social-studies-r58,4,Social Studies,2027-03-08,27,needs_additional_source_material,FOURTH,58,Unit 6: SS4E1,"Only codes, program references, topic labels or activities; no fully grounded question set yet.",
dcss-fy27-4-literacy-r59,4,Literacy,2027-03-15,28,needs_additional_source_material,FOURTH,59,U5: Sessions 17-21 | U5W4,"Only codes, program references, topic labels or activities; no fully grounded question set yet.",
dcss-fy27-4-math-r59,4,Math,2027-03-15,28,needs_additional_source_material,FOURTH,59,"Unit 5:4.GSR.7.1, 4.GSR.7.2","Only codes, program references, topic labels or activities; no fully grounded question set yet.",
dcss-fy27-4-science-r59,4,Science,2027-03-15,28,needs_additional_source_material,FOURTH,59,"S4P1, S4P2","Only codes, program references, topic labels or activities; no fully grounded question set yet.",
dcss-fy27-4-social-studies-r59,4,Social Studies,2027-03-15,28,needs_additional_source_material,FOURTH,59,Unit 6: SS4E1,"Only codes, program references, topic labels or activities; no fully grounded question set yet.",
dcss-fy27-4-literacy-r60,4,Literacy,2027-03-22,29,needs_additional_source_material,FOURTH,60,U5: Sessions 22-26 | U5W5,"Only codes, program references, topic labels or activities; no fully grounded question set yet.",
dcss-fy27-4-math-r60,4,Math,2027-03-22,29,needs_additional_source_material,FOURTH,60,Unit 5: 4.GSR.8.2,"Only codes, program references, topic labels or activities; no fully grounded question set yet.",
dcss-fy27-4-science-r60,4,Science,2027-03-22,29,needs_additional_source_material,FOURTH,60,"S4P1, S4P2","Only codes, program references, topic labels or activities; no fully grounded question set yet.",
dcss-fy27-4-social-studies-r60,4,Social Studies,2027-03-22,29,needs_additional_source_material,FOURTH,60,Unit 6: SS4E1,"Only codes, program references, topic labels or activities; no fully grounded question set yet.",
dcss-fy27-4-literacy-r61,4,Literacy,2027-03-29,30,needs_additional_source_material,FOURTH,61,"U5: Sessions 27-30, U6 Sessions 1-3 | U5W6","Only codes, program references, topic labels or activities; no fully grounded question set yet.",
dcss-fy27-4-math-r61,4,Math,2027-03-29,30,needs_additional_source_material,FOURTH,61,"Unit 5: 4.GSR.8.1, 4.GSR.8.2
","Only codes, program references, topic labels or activities; no fully grounded question set yet.",
dcss-fy27-4-science-r61,4,Science,2027-03-29,30,needs_additional_source_material,FOURTH,61,S4P3,"Only codes, program references, topic labels or activities; no fully grounded question set yet.",
dcss-fy27-4-social-studies-r61,4,Social Studies,2027-03-29,30,needs_additional_source_material,FOURTH,61,Unit 6: SS4E1,"Only codes, program references, topic labels or activities; no fully grounded question set yet.",
dcss-fy27-4-literacy-r65,4,Literacy,2027-04-12,31,needs_additional_source_material,FOURTH,65,U6: Session 4-8 | U6W1,"Only codes, program references, topic labels or activities; no fully grounded question set yet.",
dcss-fy27-4-math-r65,4,Math,2027-04-12,31,needs_additional_source_material,FOURTH,65,GMAS Review,"Only codes, program references, topic labels or activities; no fully grounded question set yet.",
dcss-fy27-4-science-r65,4,Science,2027-04-12,31,needs_additional_source_material,FOURTH,65,S4P3,"Only codes, program references, topic labels or activities; no fully grounded question set yet.",
dcss-fy27-4-social-studies-r65,4,Social Studies,2027-04-12,31,needs_additional_source_material,FOURTH,65,GMAS Review,"Only codes, program references, topic labels or activities; no fully grounded question set yet.",
dcss-fy27-4-literacy-r66,4,Literacy,2027-04-19,32,needs_additional_source_material,FOURTH,66,U6: Sessions 9-14 | U6W2,"Only codes, program references, topic labels or activities; no fully grounded question set yet.",
dcss-fy27-4-math-r66,4,Math,2027-04-19,32,needs_additional_source_material,FOURTH,66,GMAS Review,"Only codes, program references, topic labels or activities; no fully grounded question set yet.",
dcss-fy27-4-science-r66,4,Science,2027-04-19,32,needs_additional_source_material,FOURTH,66,S4P3,"Only codes, program references, topic labels or activities; no fully grounded question set yet.",
dcss-fy27-4-social-studies-r66,4,Social Studies,2027-04-19,32,needs_additional_source_material,FOURTH,66,GMAS Review,"Only codes, program references, topic labels or activities; no fully grounded question set yet.",
dcss-fy27-4-literacy-r67,4,Literacy,2027-04-26,33,needs_additional_source_material,FOURTH,67,GMAS Testing | GMAS Testing,"Only codes, program references, topic labels or activities; no fully grounded question set yet.",
dcss-fy27-4-math-r67,4,Math,2027-04-26,33,needs_additional_source_material,FOURTH,67,GMAS Testing,"Only codes, program references, topic labels or activities; no fully grounded question set yet.",
dcss-fy27-4-science-r67,4,Science,2027-04-26,33,needs_additional_source_material,FOURTH,67,S4P3,"Only codes, program references, topic labels or activities; no fully grounded question set yet.",
dcss-fy27-4-social-studies-r67,4,Social Studies,2027-04-26,33,needs_additional_source_material,FOURTH,67,GMAS Testing,"Only codes, program references, topic labels or activities; no fully grounded question set yet.",
dcss-fy27-4-literacy-r70,4,Literacy,2027-05-03,34,needs_additional_source_material,FOURTH,70,U6: Sessions 15-20 | U6W3,"Only codes, program references, topic labels or activities; no fully grounded question set yet.",
dcss-fy27-4-science-r70,4,Science,2027-05-03,34,needs_additional_source_material,FOURTH,70,S4P3,"Only codes, program references, topic labels or activities; no fully grounded question set yet.",
dcss-fy27-4-literacy-r71,4,Literacy,2027-05-10,35,needs_additional_source_material,FOURTH,71,U6: Sessions 21-26 | U6W4,"Only codes, program references, topic labels or activities; no fully grounded question set yet.",
dcss-fy27-4-science-r71,4,Science,2027-05-10,35,needs_additional_source_material,FOURTH,71,S4P3,"Only codes, program references, topic labels or activities; no fully grounded question set yet.",
dcss-fy27-4-literacy-r72,4,Literacy,2027-05-17,36,needs_additional_source_material,FOURTH,72,U6: Sessions 27-29 | U6W5,"Only codes, program references, topic labels or activities; no fully grounded question set yet.",
dcss-fy27-5-literacy-r9,5,Literacy,2026-08-03,1,partially_supported,FIFTH,9,U1: Sessions 1-2 | Writing Boot Camp U1W1,The cited skill supports generated drafts; other references still need source detail or review.,5th ELA Pacing Support | 5th ELA Pacing Support
dcss-fy27-5-math-r9,5,Math,2026-08-03,1,needs_additional_source_material,FIFTH,9,Lesson 0 ,"Only codes, program references, topic labels or activities; no fully grounded question set yet.",
dcss-fy27-5-science-r9,5,Science,2026-08-03,1,needs_additional_source_material,FIFTH,9,Intro to Science Practices,"Only codes, program references, topic labels or activities; no fully grounded question set yet.",
dcss-fy27-5-social-studies-r9,5,Social Studies,2026-08-03,1,needs_additional_source_material,FIFTH,9,Welcome Back ,"Only codes, program references, topic labels or activities; no fully grounded question set yet.",
dcss-fy27-5-literacy-r10,5,Literacy,2026-08-10,2,partially_supported,FIFTH,10,U1: Sessions 3-8 | Writing Boot Camp U1W2,Cited skill supports draft questions; other references are not yet resolved.,5th ELA Pacing Support
dcss-fy27-5-math-r10,5,Math,2026-08-10,2,needs_additional_source_material,FIFTH,10,U1: 5.GSR.8.3,"Only codes, program references, topic labels or activities; no fully grounded question set yet.",
dcss-fy27-5-science-r10,5,Science,2026-08-10,2,partially_supported,FIFTH,10,U7: S5E1,The cited skill supports generated drafts; other references still need source detail or review.,5th Science Pacing Support
dcss-fy27-5-social-studies-r10,5,Social Studies,2026-08-10,2,needs_additional_source_material,FIFTH,10,Connecting Themes,"Only codes, program references, topic labels or activities; no fully grounded question set yet.",
dcss-fy27-5-literacy-r11,5,Literacy,2026-08-17,3,partially_supported,FIFTH,11,U1: Sessions 9-12 | U1W3,Cited skill supports draft questions; other references are not yet resolved.,5th ELA Pacing Support
dcss-fy27-5-math-r11,5,Math,2026-08-17,3,needs_additional_source_material,FIFTH,11,U1: 5.GSR.8.3,"Only codes, program references, topic labels or activities; no fully grounded question set yet.",
dcss-fy27-5-science-r11,5,Science,2026-08-17,3,partially_supported,FIFTH,11,U7: S5E1,Cited skill supports draft questions; other references are not yet resolved.,5th Science Pacing Support
dcss-fy27-5-social-studies-r11,5,Social Studies,2026-08-17,3,needs_additional_source_material,FIFTH,11,Connecting Themes,"Only codes, program references, topic labels or activities; no fully grounded question set yet.",
dcss-fy27-5-literacy-r12,5,Literacy,2026-08-24,4,partially_supported,FIFTH,12,U1: Sessions 13-18 | U1W4,Cited skill supports draft questions; other references are not yet resolved.,5th ELA Pacing Support
dcss-fy27-5-math-r12,5,Math,2026-08-24,4,partially_supported,FIFTH,12,U1: 5.GSR.8.4,The cited skill supports generated drafts; other references still need source detail or review.,5th Math Pacing Support
dcss-fy27-5-science-r12,5,Science,2026-08-24,4,partially_supported,FIFTH,12,U7: S5E1,Cited skill supports draft questions; other references are not yet resolved.,5th Science Pacing Support
dcss-fy27-5-social-studies-r12,5,Social Studies,2026-08-24,4,partially_supported,FIFTH,12,Unit 2: SS5CG1,The cited skill supports generated drafts; other references still need source detail or review.,5th Social Studies Pacing Support
dcss-fy27-5-literacy-r15,5,Literacy,2026-08-31,5,partially_supported,FIFTH,15,U1: Sessions 19-24 | U1W5,Cited skill supports draft questions; other references are not yet resolved.,5th ELA Pacing Support
dcss-fy27-5-math-r15,5,Math,2026-08-31,5,partially_supported,FIFTH,15,U1: 5.NR.2.1,The cited skill supports generated drafts; other references still need source detail or review.,5th Math Pacing Support
dcss-fy27-5-science-r15,5,Science,2026-08-31,5,partially_supported,FIFTH,15,U7: S5E1,Cited skill supports draft questions; other references are not yet resolved.,5th Science Pacing Support
dcss-fy27-5-social-studies-r15,5,Social Studies,2026-08-31,5,partially_supported,FIFTH,15,Unit 2: SS5CG1,Cited skill supports draft questions; other references are not yet resolved.,5th Social Studies Pacing Support
dcss-fy27-5-literacy-r16,5,Literacy,2026-09-07,6,partially_supported,FIFTH,16,U1: Sessions 25-27 | U1W6,Cited skill supports draft questions; other references are not yet resolved.,5th ELA Pacing Support
dcss-fy27-5-math-r16,5,Math,2026-09-07,6,needs_additional_source_material,FIFTH,16,U1: 5.NR.2.1,"Only codes, program references, topic labels or activities; no fully grounded question set yet.",
dcss-fy27-5-science-r16,5,Science,2026-09-07,6,partially_supported,FIFTH,16,U7: S5E1,Cited skill supports draft questions; other references are not yet resolved.,5th Science Pacing Support
dcss-fy27-5-social-studies-r16,5,Social Studies,2026-09-07,6,partially_supported,FIFTH,16,Unit 2: SS5CG1,Cited skill supports draft questions; other references are not yet resolved.,5th Social Studies Pacing Support
dcss-fy27-5-literacy-r17,5,Literacy,2026-09-14,7,needs_additional_source_material,FIFTH,17,"U1: Session 28, U2: Session 1-4 | U2W1","Only codes, program references, topic labels or activities; no fully grounded question set yet.",
dcss-fy27-5-math-r17,5,Math,2026-09-14,7,needs_additional_source_material,FIFTH,17,U1: 5.NR.2.2,"Only codes, program references, topic labels or activities; no fully grounded question set yet.",
dcss-fy27-5-science-r17,5,Science,2026-09-14,7,needs_additional_source_material,FIFTH,17,U7: S5E1,"Only codes, program references, topic labels or activities; no fully grounded question set yet.",
dcss-fy27-5-social-studies-r17,5,Social Studies,2026-09-14,7,needs_additional_source_material,FIFTH,17,Unit 2: SS5CG1,"Only codes, program references, topic labels or activities; no fully grounded question set yet.",
dcss-fy27-5-literacy-r18,5,Literacy,2026-09-21,8,needs_additional_source_material,FIFTH,18,U2: Sessions 5-10 | U2W2,"Only codes, program references, topic labels or activities; no fully grounded question set yet.",
dcss-fy27-5-math-r18,5,Math,2026-09-21,8,needs_additional_source_material,FIFTH,18,U2: 5.NR.1.1,"Only codes, program references, topic labels or activities; no fully grounded question set yet.",
dcss-fy27-5-science-r18,5,Science,2026-09-21,8,needs_additional_source_material,FIFTH,18,U8: S5P1,"Only codes, program references, topic labels or activities; no fully grounded question set yet.",
dcss-fy27-5-social-studies-r18,5,Social Studies,2026-09-21,8,needs_additional_source_material,FIFTH,18,Unit 3: SS5H1,"Only codes, program references, topic labels or activities; no fully grounded question set yet.",
dcss-fy27-5-literacy-r19,5,Literacy,2026-09-28,9,needs_additional_source_material,FIFTH,19,U2: Sessions 11-16 | U2W3,"Only codes, program references, topic labels or activities; no fully grounded question set yet.",
dcss-fy27-5-math-r19,5,Math,2026-09-28,9,needs_additional_source_material,FIFTH,19,U2: 5.NR.1.2,"Only codes, program references, topic labels or activities; no fully grounded question set yet.",
dcss-fy27-5-science-r19,5,Science,2026-09-28,9,needs_additional_source_material,FIFTH,19,U8: S5P1,"Only codes, program references, topic labels or activities; no fully grounded question set yet.",
dcss-fy27-5-social-studies-r19,5,Social Studies,2026-09-28,9,needs_additional_source_material,FIFTH,19,Unit 3: SS5H1,"Only codes, program references, topic labels or activities; no fully grounded question set yet.",
dcss-fy27-5-literacy-r22,5,Literacy,2026-10-05,10,needs_additional_source_material,FIFTH,22,U2: Sessions 17-21 | U2W4,"Only codes, program references, topic labels or activities; no fully grounded question set yet.",
dcss-fy27-5-math-r22,5,Math,2026-10-05,10,needs_additional_source_material,FIFTH,22,U2: 5.NR.4.1,"Only codes, program references, topic labels or activities; no fully grounded question set yet.",
dcss-fy27-5-science-r22,5,Science,2026-10-05,10,needs_additional_source_material,FIFTH,22,U8: S5P1,"Only codes, program references, topic labels or activities; no fully grounded question set yet.",
dcss-fy27-5-social-studies-r22,5,Social Studies,2026-10-05,10,needs_additional_source_material,FIFTH,22,Unit 3: SS5H1,"Only codes, program references, topic labels or activities; no fully grounded question set yet.",
dcss-fy27-5-science-r23,5,Science,UNRESOLVED,,needs_timing_review,FIFTH,23,U8: S5P1,Source row has content but no Week of date. Not assigned to an adjacent week.,
dcss-fy27-5-literacy-r24,5,Literacy,2026-10-19,11,needs_additional_source_material,FIFTH,24,U2: Sessions 22-27 | U2W5,"Only codes, program references, topic labels or activities; no fully grounded question set yet.",
dcss-fy27-5-math-r24,5,Math,2026-10-19,11,needs_additional_source_material,FIFTH,24,U2: 5.NR.4.2,"Only codes, program references, topic labels or activities; no fully grounded question set yet.",
dcss-fy27-5-science-r24,5,Science,2026-10-19,11,needs_additional_source_material,FIFTH,24,U8: S5P1,"Only codes, program references, topic labels or activities; no fully grounded question set yet.",
dcss-fy27-5-social-studies-r24,5,Social Studies,2026-10-19,11,needs_additional_source_material,FIFTH,24,Unit 3: SS5H1,"Only codes, program references, topic labels or activities; no fully grounded question set yet.",
dcss-fy27-5-literacy-r25,5,Literacy,2026-10-26,12,needs_additional_source_material,FIFTH,25,"U2: Sessions 28/29, U3 Session 1-4 | U2W6","Only codes, program references, topic labels or activities; no fully grounded question set yet.",
dcss-fy27-5-math-r25,5,Math,2026-10-26,12,needs_additional_source_material,FIFTH,25,U2: 5.NR.4.3,"Only codes, program references, topic labels or activities; no fully grounded question set yet.",
dcss-fy27-5-science-r25,5,Science,2026-10-26,12,needs_additional_source_material,FIFTH,25,U8: S5P1,"Only codes, program references, topic labels or activities; no fully grounded question set yet.",
dcss-fy27-5-social-studies-r25,5,Social Studies,2026-10-26,12,needs_additional_source_material,FIFTH,25,Unit 4: SS5H2,"Only codes, program references, topic labels or activities; no fully grounded question set yet.",
dcss-fy27-5-literacy-r28,5,Literacy,2026-11-02,13,needs_additional_source_material,FIFTH,28,U2L21 | U3: Sessions 5-8 | U3W1,"Only codes, program references, topic labels or activities; no fully grounded question set yet.",
dcss-fy27-5-math-r28,5,Math,2026-11-02,13,needs_additional_source_material,FIFTH,28,U2: 5.NR.4.4,"Only codes, program references, topic labels or activities; no fully grounded question set yet.",
dcss-fy27-5-science-r28,5,Science,2026-11-02,13,needs_additional_source_material,FIFTH,28,U8: S5P1,"Only codes, program references, topic labels or activities; no fully grounded question set yet.",
dcss-fy27-5-social-studies-r28,5,Social Studies,2026-11-02,13,needs_additional_source_material,FIFTH,28,Unit 4: SS5H2,"Only codes, program references, topic labels or activities; no fully grounded question set yet.",
dcss-fy27-5-literacy-r29,5,Literacy,2026-11-09,14,needs_additional_source_material,FIFTH,29,U2L22 | U3: Sessions 9-13 | U3W2,"Only codes, program references, topic labels or activities; no fully grounded question set yet.",
dcss-fy27-5-math-r29,5,Math,2026-11-09,14,needs_additional_source_material,FIFTH,29,U2: 5.NR.3.3,"Only codes, program references, topic labels or activities; no fully grounded question set yet.",
dcss-fy27-5-science-r29,5,Science,2026-11-09,14,needs_additional_source_material,FIFTH,29,U5/U6: S5P2 & S5P3,"Only codes, program references, topic labels or activities; no fully grounded question set yet.",
dcss-fy27-5-social-studies-r29,5,Social Studies,2026-11-09,14,needs_additional_source_material,FIFTH,29,Unit 4: SS5H2,"Only codes, program references, topic labels or activities; no fully grounded question set yet.",
dcss-fy27-5-literacy-r30,5,Literacy,2026-11-16,15,needs_additional_source_material,FIFTH,30,RETEACH Interim #6 | U3: Sessions 14-18 | U3W3,"Only codes, program references, topic labels or activities; no fully grounded question set yet.",
dcss-fy27-5-math-r30,5,Math,2026-11-16,15,needs_additional_source_material,FIFTH,30,U2: 5.NR.3.2,"Only codes, program references, topic labels or activities; no fully grounded question set yet.",
dcss-fy27-5-science-r30,5,Science,2026-11-16,15,needs_additional_source_material,FIFTH,30,U5/U6: S5P2 & S5P3,"Only codes, program references, topic labels or activities; no fully grounded question set yet.",
dcss-fy27-5-social-studies-r30,5,Social Studies,2026-11-16,15,needs_additional_source_material,FIFTH,30,Unit 4: SS5H2,"Only codes, program references, topic labels or activities; no fully grounded question set yet.",
dcss-fy27-5-literacy-r34,5,Literacy,2026-11-30,16,needs_additional_source_material,FIFTH,34,U3: Sessions 19-23 | U3W4,"Only codes, program references, topic labels or activities; no fully grounded question set yet.",
dcss-fy27-5-math-r34,5,Math,2026-11-30,16,needs_additional_source_material,FIFTH,34,U2: 5.NR.3.3,"Only codes, program references, topic labels or activities; no fully grounded question set yet.",
dcss-fy27-5-science-r34,5,Science,2026-11-30,16,needs_additional_source_material,FIFTH,34,U5/U6: S5P2 & S5P3,"Only codes, program references, topic labels or activities; no fully grounded question set yet.",
dcss-fy27-5-social-studies-r34,5,Social Studies,2026-11-30,16,needs_additional_source_material,FIFTH,34,Unit 5: SS5H3,"Only codes, program references, topic labels or activities; no fully grounded question set yet.",
dcss-fy27-5-literacy-r35,5,Literacy,2026-12-07,17,needs_additional_source_material,FIFTH,35,U3: Sessions 24-28 | U3W5,"Only codes, program references, topic labels or activities; no fully grounded question set yet.",
dcss-fy27-5-math-r35,5,Math,2026-12-07,17,needs_additional_source_material,FIFTH,35,U3: 5.NR.3.4,"Only codes, program references, topic labels or activities; no fully grounded question set yet.",
dcss-fy27-5-science-r35,5,Science,2026-12-07,17,needs_additional_source_material,FIFTH,35,U5/U6: S5P2 & S5P3,"Only codes, program references, topic labels or activities; no fully grounded question set yet.",
dcss-fy27-5-social-studies-r35,5,Social Studies,2026-12-07,17,needs_additional_source_material,FIFTH,35,Unit 5: SS5H3,"Only codes, program references, topic labels or activities; no fully grounded question set yet.",
dcss-fy27-5-literacy-r36,5,Literacy,2026-12-14,18,needs_additional_source_material,FIFTH,36,U3: Sessions 29-30 | U3W6,"Only codes, program references, topic labels or activities; no fully grounded question set yet.",
dcss-fy27-5-math-r36,5,Math,2026-12-14,18,needs_additional_source_material,FIFTH,36,U3: 5.NR.3.1,"Only codes, program references, topic labels or activities; no fully grounded question set yet.",
dcss-fy27-5-science-r36,5,Science,2026-12-14,18,needs_additional_source_material,FIFTH,36,U5/U6: S5P2 & S5P3,"Only codes, program references, topic labels or activities; no fully grounded question set yet.",
dcss-fy27-5-social-studies-r36,5,Social Studies,2026-12-14,18,needs_additional_source_material,FIFTH,36,Unit 5: SS5H3,"Only codes, program references, topic labels or activities; no fully grounded question set yet.",
dcss-fy27-5-literacy-r42,5,Literacy,2027-01-04,19,needs_additional_source_material,FIFTH,42,U4: Sessions 1-3 | U4W1,"Only codes, program references, topic labels or activities; no fully grounded question set yet.",
dcss-fy27-5-math-r42,5,Math,2027-01-04,19,needs_additional_source_material,FIFTH,42,U3: 5.NR.3.1,"Only codes, program references, topic labels or activities; no fully grounded question set yet.",
dcss-fy27-5-science-r42,5,Science,2027-01-04,19,needs_additional_source_material,FIFTH,42,U3: S5L3,"Only codes, program references, topic labels or activities; no fully grounded question set yet.",
dcss-fy27-5-social-studies-r42,5,Social Studies,2027-01-04,19,needs_additional_source_material,FIFTH,42,Unit 6: SS5H4,"Only codes, program references, topic labels or activities; no fully grounded question set yet.",
dcss-fy27-5-literacy-r43,5,Literacy,2027-01-11,20,needs_additional_source_material,FIFTH,43,U4: Sessions 4-9 | U4W2,"Only codes, program references, topic labels or activities; no fully grounded question set yet.",
dcss-fy27-5-math-r43,5,Math,2027-01-11,20,needs_additional_source_material,FIFTH,43,U3: 5.NR.3.5,"Only codes, program references, topic labels or activities; no fully grounded question set yet.",
dcss-fy27-5-science-r43,5,Science,2027-01-11,20,needs_additional_source_material,FIFTH,43,U3: S5L3,"Only codes, program references, topic labels or activities; no fully grounded question set yet.",
dcss-fy27-5-social-studies-r43,5,Social Studies,2027-01-11,20,needs_additional_source_material,FIFTH,43,Unit 6: SS5H4,"Only codes, program references, topic labels or activities; no fully grounded question set yet.",
dcss-fy27-5-literacy-r44,5,Literacy,2027-01-18,21,needs_additional_source_material,FIFTH,44,U4: Sessions 10-13 | U4W3,"Only codes, program references, topic labels or activities; no fully grounded question set yet.",
dcss-fy27-5-math-r44,5,Math,2027-01-18,21,needs_additional_source_material,FIFTH,44,U3: 5.NR.3.6,"Only codes, program references, topic labels or activities; no fully grounded question set yet.",
dcss-fy27-5-science-r44,5,Science,2027-01-18,21,needs_additional_source_material,FIFTH,44,U3: S5L3,"Only codes, program references, topic labels or activities; no fully grounded question set yet.",
dcss-fy27-5-social-studies-r44,5,Social Studies,2027-01-18,21,needs_additional_source_material,FIFTH,44,Unit 6: SS5H4,"Only codes, program references, topic labels or activities; no fully grounded question set yet.",
dcss-fy27-5-literacy-r45,5,Literacy,2027-01-25,22,needs_additional_source_material,FIFTH,45,U4: Sessions 14-19 | U4W4,"Only codes, program references, topic labels or activities; no fully grounded question set yet.",
dcss-fy27-5-math-r45,5,Math,2027-01-25,22,needs_additional_source_material,FIFTH,45,U4: 5.MDR.7.3,"Only codes, program references, topic labels or activities; no fully grounded question set yet.",
dcss-fy27-5-science-r45,5,Science,2027-01-25,22,needs_additional_source_material,FIFTH,45,U3: S5L3,"Only codes, program references, topic labels or activities; no fully grounded question set yet.",
dcss-fy27-5-social-studies-r45,5,Social Studies,2027-01-25,22,needs_additional_source_material,FIFTH,45,Unit 6: SS5H4,"Only codes, program references, topic labels or activities; no fully grounded question set yet.",
dcss-fy27-5-literacy-r48,5,Literacy,2027-02-01,23,needs_additional_source_material,FIFTH,48,U4: Sessions 20-24 | U4W5,"Only codes, program references, topic labels or activities; no fully grounded question set yet.",
dcss-fy27-5-math-r48,5,Math,2027-02-01,23,needs_additional_source_material,FIFTH,48,U4: 5.MDR.7.1,"Only codes, program references, topic labels or activities; no fully grounded question set yet.",
dcss-fy27-5-science-r48,5,Science,2027-02-01,23,needs_additional_source_material,FIFTH,48,U4: S5L4,"Only codes, program references, topic labels or activities; no fully grounded question set yet.",
dcss-fy27-5-social-studies-r48,5,Social Studies,2027-02-01,23,needs_additional_source_material,FIFTH,48,Unit 7: SS5H5,"Only codes, program references, topic labels or activities; no fully grounded question set yet.",
dcss-fy27-5-literacy-r49,5,Literacy,2027-02-08,24,needs_additional_source_material,FIFTH,49,U4: Sessions 25-30 | U4W6,"Only codes, program references, topic labels or activities; no fully grounded question set yet.",
dcss-fy27-5-math-r49,5,Math,2027-02-08,24,needs_additional_source_material,FIFTH,49,U4: 5.MDR.7.2,"Only codes, program references, topic labels or activities; no fully grounded question set yet.",
dcss-fy27-5-science-r49,5,Science,2027-02-08,24,needs_additional_source_material,FIFTH,49,U4: S5L4,"Only codes, program references, topic labels or activities; no fully grounded question set yet.",
dcss-fy27-5-social-studies-r49,5,Social Studies,2027-02-08,24,needs_additional_source_material,FIFTH,49,Unit 7: SS5H5,"Only codes, program references, topic labels or activities; no fully grounded question set yet.",
dcss-fy27-5-science-r50,5,Science,UNRESOLVED,,needs_timing_review,FIFTH,50,U7: S5E1,Source row has content but no Week of date. Not assigned to an adjacent week.,
dcss-fy27-5-literacy-r51,5,Literacy,2027-02-22,25,needs_additional_source_material,FIFTH,51,U5: Session 1-5 | U5W1,"Only codes, program references, topic labels or activities; no fully grounded question set yet.",
dcss-fy27-5-math-r51,5,Math,2027-02-22,25,needs_additional_source_material,FIFTH,51,U4: 5.MDR.7.2,"Only codes, program references, topic labels or activities; no fully grounded question set yet.",
dcss-fy27-5-science-r51,5,Science,2027-02-22,25,needs_additional_source_material,FIFTH,51,U4: S5L4,"Only codes, program references, topic labels or activities; no fully grounded question set yet.",
dcss-fy27-5-social-studies-r51,5,Social Studies,2027-02-22,25,needs_additional_source_material,FIFTH,51,Unit 7: SS5H5,"Only codes, program references, topic labels or activities; no fully grounded question set yet.",
dcss-fy27-5-literacy-r54,5,Literacy,2027-03-01,26,needs_additional_source_material,FIFTH,54,U5: Sessions 6-11 | U5W2,"Only codes, program references, topic labels or activities; no fully grounded question set yet.",
dcss-fy27-5-math-r54,5,Math,2027-03-01,26,needs_additional_source_material,FIFTH,54,U4: 5.GSR.8.2,"Only codes, program references, topic labels or activities; no fully grounded question set yet.",
dcss-fy27-5-science-r54,5,Science,2027-03-01,26,needs_additional_source_material,FIFTH,54,U1: S5L1,"Only codes, program references, topic labels or activities; no fully grounded question set yet.",
dcss-fy27-5-social-studies-r54,5,Social Studies,2027-03-01,26,needs_additional_source_material,FIFTH,54,Unit 8: SS5H6,"Only codes, program references, topic labels or activities; no fully grounded question set yet.",
dcss-fy27-5-literacy-r55,5,Literacy,2027-03-08,27,needs_additional_source_material,FIFTH,55,U5: Sessions 12-15 | U5W3,"Only codes, program references, topic labels or activities; no fully grounded question set yet.",
dcss-fy27-5-math-r55,5,Math,2027-03-08,27,needs_additional_source_material,FIFTH,55,U4: 5.GSR.8.1,"Only codes, program references, topic labels or activities; no fully grounded question set yet.",
dcss-fy27-5-science-r55,5,Science,2027-03-08,27,needs_additional_source_material,FIFTH,55,U1: S5L1,"Only codes, program references, topic labels or activities; no fully grounded question set yet.",
dcss-fy27-5-social-studies-r55,5,Social Studies,2027-03-08,27,needs_additional_source_material,FIFTH,55,Unit 8: SS5H6,"Only codes, program references, topic labels or activities; no fully grounded question set yet.",
dcss-fy27-5-literacy-r56,5,Literacy,2027-03-15,28,needs_additional_source_material,FIFTH,56,U5: Sessions 16-21 | U5W4,"Only codes, program references, topic labels or activities; no fully grounded question set yet.",
dcss-fy27-5-math-r56,5,Math,2027-03-15,28,needs_additional_source_material,FIFTH,56,U5: 5.NR.5.1,"Only codes, program references, topic labels or activities; no fully grounded question set yet.",
dcss-fy27-5-science-r56,5,Science,2027-03-15,28,needs_additional_source_material,FIFTH,56,U1: S5L1,"Only codes, program references, topic labels or activities; no fully grounded question set yet.",
dcss-fy27-5-social-studies-r56,5,Social Studies,2027-03-15,28,needs_additional_source_material,FIFTH,56,Unit 8: SS5H6,"Only codes, program references, topic labels or activities; no fully grounded question set yet.",
dcss-fy27-5-literacy-r57,5,Literacy,2027-03-22,29,needs_additional_source_material,FIFTH,57,U5: Sessions 22-25 | U5W5,"Only codes, program references, topic labels or activities; no fully grounded question set yet.",
dcss-fy27-5-math-r57,5,Math,2027-03-22,29,needs_additional_source_material,FIFTH,57,U5: 5.PAR.6.2,"Only codes, program references, topic labels or activities; no fully grounded question set yet.",
dcss-fy27-5-science-r57,5,Science,2027-03-22,29,needs_additional_source_material,FIFTH,57,U2: S5L2,"Only codes, program references, topic labels or activities; no fully grounded question set yet.",
dcss-fy27-5-social-studies-r57,5,Social Studies,2027-03-22,29,needs_additional_source_material,FIFTH,57,Unit 9: SS5H7,"Only codes, program references, topic labels or activities; no fully grounded question set yet.",
dcss-fy27-5-literacy-r58,5,Literacy,2027-03-29,30,needs_additional_source_material,FIFTH,58,U5: Sessions 26-31 | U5W6,"Only codes, program references, topic labels or activities; no fully grounded question set yet.",
dcss-fy27-5-math-r58,5,Math,2027-03-29,30,needs_additional_source_material,FIFTH,58,U5: 5.PAR.3.1,"Only codes, program references, topic labels or activities; no fully grounded question set yet.",
dcss-fy27-5-science-r58,5,Science,2027-03-29,30,needs_additional_source_material,FIFTH,58,U2: S5L2,"Only codes, program references, topic labels or activities; no fully grounded question set yet.",
dcss-fy27-5-social-studies-r58,5,Social Studies,2027-03-29,30,needs_additional_source_material,FIFTH,58,Unit 9: SS5H7,"Only codes, program references, topic labels or activities; no fully grounded question set yet.",
dcss-fy27-5-literacy-r62,5,Literacy,2027-04-12,31,needs_additional_source_material,FIFTH,62,U6: Session 1-5 | U6W1,"Only codes, program references, topic labels or activities; no fully grounded question set yet.",
dcss-fy27-5-math-r62,5,Math,2027-04-12,31,needs_additional_source_material,FIFTH,62,GMAS Review,"Only codes, program references, topic labels or activities; no fully grounded question set yet.",
dcss-fy27-5-science-r62,5,Science,2027-04-12,31,needs_additional_source_material,FIFTH,62,U2: S5L2,"Only codes, program references, topic labels or activities; no fully grounded question set yet.",
dcss-fy27-5-social-studies-r62,5,Social Studies,2027-04-12,31,needs_additional_source_material,FIFTH,62,Unit 10: SS5E4,"Only codes, program references, topic labels or activities; no fully grounded question set yet.",
dcss-fy27-5-literacy-r63,5,Literacy,2027-04-19,32,needs_additional_source_material,FIFTH,63,U6: Sessions 6-11 | U6W2,"Only codes, program references, topic labels or activities; no fully grounded question set yet.",
dcss-fy27-5-math-r63,5,Math,2027-04-19,32,needs_additional_source_material,FIFTH,63,GMAS Review,"Only codes, program references, topic labels or activities; no fully grounded question set yet.",
dcss-fy27-5-science-r63,5,Science,2027-04-19,32,needs_additional_source_material,FIFTH,63,GMAS Review,"Only codes, program references, topic labels or activities; no fully grounded question set yet.",
dcss-fy27-5-social-studies-r63,5,Social Studies,2027-04-19,32,needs_additional_source_material,FIFTH,63,Unit 10: SS5E4,"Only codes, program references, topic labels or activities; no fully grounded question set yet.",
dcss-fy27-5-literacy-r64,5,Literacy,2027-04-26,33,needs_additional_source_material,FIFTH,64,GMAS Testing | GMAS Testing,"Only codes, program references, topic labels or activities; no fully grounded question set yet.",
dcss-fy27-5-math-r64,5,Math,2027-04-26,33,needs_additional_source_material,FIFTH,64,GMAS Testing,"Only codes, program references, topic labels or activities; no fully grounded question set yet.",
dcss-fy27-5-science-r64,5,Science,2027-04-26,33,needs_additional_source_material,FIFTH,64,GMAS Testing,"Only codes, program references, topic labels or activities; no fully grounded question set yet.",
dcss-fy27-5-social-studies-r64,5,Social Studies,2027-04-26,33,needs_additional_source_material,FIFTH,64,GMAS Testing ,"Only codes, program references, topic labels or activities; no fully grounded question set yet.",
dcss-fy27-5-literacy-r67,5,Literacy,2027-05-03,34,needs_additional_source_material,FIFTH,67,U6: Sessions 12-15 | U6W3,"Only codes, program references, topic labels or activities; no fully grounded question set yet.",
dcss-fy27-5-math-r67,5,Math,2027-05-03,34,needs_additional_source_material,FIFTH,67,iReady EOY,"Only codes, program references, topic labels or activities; no fully grounded question set yet.",
dcss-fy27-5-science-r67,5,Science,2027-05-03,34,needs_additional_source_material,FIFTH,67,Post-GMAS Enrichment,"Only codes, program references, topic labels or activities; no fully grounded question set yet.",
dcss-fy27-5-literacy-r68,5,Literacy,2027-05-10,35,needs_additional_source_material,FIFTH,68,U6: Sessions 16-21 | U6W4,"Only codes, program references, topic labels or activities; no fully grounded question set yet.",
dcss-fy27-5-math-r68,5,Math,2027-05-10,35,needs_additional_source_material,FIFTH,68,End of Year,"Only codes, program references, topic labels or activities; no fully grounded question set yet.",
dcss-fy27-5-science-r68,5,Science,2027-05-10,35,needs_additional_source_material,FIFTH,68,End of Year,"Only codes, program references, topic labels or activities; no fully grounded question set yet.",
dcss-fy27-5-literacy-r69,5,Literacy,2027-05-17,36,needs_additional_source_material,FIFTH,69,U6: Sessions 22-25 | U6W5,"Only codes, program references, topic labels or activities; no fully grounded question set yet.",
dcss-fy27-5-math-r69,5,Math,2027-05-17,36,needs_additional_source_material,FIFTH,69,End of Year,"Only codes, program references, topic labels or activities; no fully grounded question set yet.",
dcss-fy27-5-science-r69,5,Science,2027-05-17,36,needs_additional_source_material,FIFTH,69,End of Year,"Only codes, program references, topic labels or activities; no fully grounded question set yet.",
